				Controller Actions													Controller Detect	Detect			Controller steps/sensitivity															|<---	Output																										--->|
Client	Control 	Disabled	Enabled	V0	V1	V2	V3	V4	V5	V6	V7	V8	V9	V10	V11	V14	PPPortP	Event2	Chan	Note	Min	V0	V1	V2	V3	V4	V5	V6	V7	V8	V9	V10	V11	V12	Max	Key Detect	V-0	Action 0	V-1	Action 1	V-2	Action 2	V-3	Action 3	V-4	Action 4	V-5	Action 5	V-6	Action 6	V-7	Action 7	V-8	Action 8	V-9	Action 9	V-10	Action 10	V-11	Action 11	V-12	Action 12	Key complete
minicontrol	Tab|Vol	‚ë†	‚ù∂	Tab	Tab Back	Volume1	Volume 3	Volume 4	Volume 5	Volume 6	Volume 7	Volume 8	Volume 9	Volume 10	Volume 11	Volume 12	0	Control	0	12	0	0) 	2)	1[0-9])  	2[0-9]) 	3[0-9]) 	4[0-9]) 	5[0-9]) 	6[0-9]) 	7[0-9]) 	8[0-9]) 	9[0-9]) 	10[0-9]) 	1[1-2][0-9])	127	=IF(CONCAT(E3:Q3)="","",UNICHAR(34)&R3&" "&S3&" "&T3&" "&U3&UNICHAR(34)&" ) case "&UNICHAR(34)&"$data2"&UNICHAR(34)&" in ")	=IF(ISBLANK(E3),"",W3)	P=IF(ISBLANK(E3),"",LOOKUPP(E3,$Actions.$B$2:$Actions.$B$1123,$Actions.$D$2:$Actions.$D$1123)&";;  ")P	=IF(ISBLANK(F3),"",X3)	P=IF(ISBLANK(F3),"",LOOKUPP(F3,$Actions.$B$2:$Actions.$B$1123,$Actions.$D$2:$Actions.$D$1123)&";;  ")P	=IF(ISBLANK(G3),"",Y3)	P=IF(ISBLANK(G3),"",LOOKUPP(G3,$Actions.$B$2:$Actions.$B$1123,$Actions.$D$2:$Actions.$D$1123)&";;  ")P	=IF(ISBLANK(H3),"",Z3)	P=IF(ISBLANK(H3),"",LOOKUPP(H3,$Actions.$B$2:$Actions.$B$1123,$Actions.$D$2:$Actions.$D$1123)&";;  ")P	=IF(ISBLANK(I3),"",AA3)	P=IF(ISBLANK(I3),"",LOOKUPP(I3,$Actions.$B$2:$Actions.$B$1123,$Actions.$D$2:$Actions.$D$1123)&";;  ")P	=IF(ISBLANK(J3),"",AB3)	P=IF(ISBLANK(J3),"",LOOKUPP(J3,$Actions.$B$2:$Actions.$B$1123,$Actions.$D$2:$Actions.$D$1123)&";;  ")P	=IF(ISBLANK(K3),"",AC3)	P=IF(ISBLANK(K3),"",LOOKUPP(K3,$Actions.$B$2:$Actions.$B$1123,$Actions.$D$2:$Actions.$D$1123)&";;  ")P	=IF(ISBLANK(L3),"",AD3)	P=IF(ISBLANK(L3),"",LOOKUPP(L3,$Actions.$B$2:$Actions.$B$1123,$Actions.$D$2:$Actions.$D$1123)&";;  ")P	=IF(ISBLANK(M3),"",AE3)	P=IF(ISBLANK(M3),"",LOOKUPP(M3,$Actions.$B$2:$Actions.$B$1123,$Actions.$D$2:$Actions.$D$1123)&";;  ")P	=IF(ISBLANK(N3),"",AF3)	P=IF(ISBLANK(N3),"",LOOKUPP(N3,$Actions.$B$2:$Actions.$B$1123,$Actions.$D$2:$Actions.$D$1123)&";;  ")P	=IF(ISBLANK(O3),"",AG3)	P=IF(ISBLANK(O3),"",LOOKUPP(O3,$Actions.$B$2:$Actions.$B$1123,$Actions.$D$2:$Actions.$D$1123)&";;  ")P	P=IF(ISBLANK(PP3),"",AH3)P	P=IF(ISBLANK(PP3),"",LOOKUPP(PP3,$Actions.$B$2:$Actions.$B$1123,$Actions.$D$2:$Actions.$D$1123)&";;  ")P	=IF(ISBLANK(Q3),"",AI3)	P=IF(ISBLANK(Q3),"",LOOKUPP(Q3,$Actions.$B$2:$Actions.$B$1123,$Actions.$D$2:$Actions.$D$1123)&";;  ")P	=IF(CONCAT(E3:Q3)="","","esac ;;  "&UNICHAR(13)&UNICHAR(10))
minicontrol		‚ë°	‚ù∑														0	Control	0	13	0	0) 	1) 	2) 	3) 	4) 	5) 	6) 	7) 	8) 	9) 	10) 		11) 	127	=IF(CONCAT(E4:Q4)="","",UNICHAR(34)&R4&" "&S4&" "&T4&" "&U4&UNICHAR(34)&" ) case "&UNICHAR(34)&"$data2"&UNICHAR(34)&" in ")	=IF(ISBLANK(E4),"",W4)	P=IF(ISBLANK(E4),"",LOOKUPP(E4,$Actions.$B$2:$Actions.$B$1123,$Actions.$D$2:$Actions.$D$1123)&";;  ")P	=IF(ISBLANK(F4),"",X4)	P=IF(ISBLANK(F4),"",LOOKUPP(F4,$Actions.$B$2:$Actions.$B$1123,$Actions.$D$2:$Actions.$D$1123)&";;  ")P	=IF(ISBLANK(G4),"",Y4)	P=IF(ISBLANK(G4),"",LOOKUPP(G4,$Actions.$B$2:$Actions.$B$1123,$Actions.$D$2:$Actions.$D$1123)&";;  ")P	=IF(ISBLANK(H4),"",Z4)	P=IF(ISBLANK(H4),"",LOOKUPP(H4,$Actions.$B$2:$Actions.$B$1123,$Actions.$D$2:$Actions.$D$1123)&";;  ")P	=IF(ISBLANK(I4),"",AA4)	P=IF(ISBLANK(I4),"",LOOKUPP(I4,$Actions.$B$2:$Actions.$B$1123,$Actions.$D$2:$Actions.$D$1123)&";;  ")P	=IF(ISBLANK(J4),"",AB4)	P=IF(ISBLANK(J4),"",LOOKUPP(J4,$Actions.$B$2:$Actions.$B$1123,$Actions.$D$2:$Actions.$D$1123)&";;  ")P	=IF(ISBLANK(K4),"",AC4)	P=IF(ISBLANK(K4),"",LOOKUPP(K4,$Actions.$B$2:$Actions.$B$1123,$Actions.$D$2:$Actions.$D$1123)&";;  ")P	=IF(ISBLANK(L4),"",AD4)	P=IF(ISBLANK(L4),"",LOOKUPP(L4,$Actions.$B$2:$Actions.$B$1123,$Actions.$D$2:$Actions.$D$1123)&";;  ")P	=IF(ISBLANK(M4),"",AE4)	P=IF(ISBLANK(M4),"",LOOKUPP(M4,$Actions.$B$2:$Actions.$B$1123,$Actions.$D$2:$Actions.$D$1123)&";;  ")P	=IF(ISBLANK(N4),"",AF4)	P=IF(ISBLANK(N4),"",LOOKUPP(N4,$Actions.$B$2:$Actions.$B$1123,$Actions.$D$2:$Actions.$D$1123)&";;  ")P	=IF(ISBLANK(O4),"",AG4)	P=IF(ISBLANK(O4),"",LOOKUPP(O4,$Actions.$B$2:$Actions.$B$1123,$Actions.$D$2:$Actions.$D$1123)&";;  ")P	P=IF(ISBLANK(PP4),"",AH4)P	P=IF(ISBLANK(PP4),"",LOOKUPP(PP4,$Actions.$B$2:$Actions.$B$1123,$Actions.$D$2:$Actions.$D$1123)&";;  ")P	=IF(ISBLANK(Q4),"",AI4)	P=IF(ISBLANK(Q4),"",LOOKUPP(Q4,$Actions.$B$2:$Actions.$B$1123,$Actions.$D$2:$Actions.$D$1123)&";;  ")P	=IF(CONCAT(E4:Q4)="","","esac ;;  "&UNICHAR(13)&UNICHAR(10))
minicontrol	VT	‚ë¢	‚ù∏	VT 1	VT 2	VT 3	VT 4	VT 5	VT 6	Control Alt F7	VT 8	VT 9	VT 10	VT 11		VT 12	0	Control	0	14	0	0) 	1) 	2) 	3) 	4) 	5) 	6) 	7) 	8) 	9) 	10) 		11) 	127	=IF(CONCAT(E5:Q5)="","",UNICHAR(34)&R5&" "&S5&" "&T5&" "&U5&UNICHAR(34)&" ) case "&UNICHAR(34)&"$data2"&UNICHAR(34)&" in ")	=IF(ISBLANK(E5),"",W5)	P=IF(ISBLANK(E5),"",LOOKUPP(E5,$Actions.$B$2:$Actions.$B$1123,$Actions.$D$2:$Actions.$D$1123)&";;  ")P	=IF(ISBLANK(F5),"",X5)	P=IF(ISBLANK(F5),"",LOOKUPP(F5,$Actions.$B$2:$Actions.$B$1123,$Actions.$D$2:$Actions.$D$1123)&";;  ")P	=IF(ISBLANK(G5),"",Y5)	P=IF(ISBLANK(G5),"",LOOKUPP(G5,$Actions.$B$2:$Actions.$B$1123,$Actions.$D$2:$Actions.$D$1123)&";;  ")P	=IF(ISBLANK(H5),"",Z5)	P=IF(ISBLANK(H5),"",LOOKUPP(H5,$Actions.$B$2:$Actions.$B$1123,$Actions.$D$2:$Actions.$D$1123)&";;  ")P	=IF(ISBLANK(I5),"",AA5)	P=IF(ISBLANK(I5),"",LOOKUPP(I5,$Actions.$B$2:$Actions.$B$1123,$Actions.$D$2:$Actions.$D$1123)&";;  ")P	=IF(ISBLANK(J5),"",AB5)	P=IF(ISBLANK(J5),"",LOOKUPP(J5,$Actions.$B$2:$Actions.$B$1123,$Actions.$D$2:$Actions.$D$1123)&";;  ")P	=IF(ISBLANK(K5),"",AC5)	P=IF(ISBLANK(K5),"",LOOKUPP(K5,$Actions.$B$2:$Actions.$B$1123,$Actions.$D$2:$Actions.$D$1123)&";;  ")P	=IF(ISBLANK(L5),"",AD5)	P=IF(ISBLANK(L5),"",LOOKUPP(L5,$Actions.$B$2:$Actions.$B$1123,$Actions.$D$2:$Actions.$D$1123)&";;  ")P	=IF(ISBLANK(M5),"",AE5)	P=IF(ISBLANK(M5),"",LOOKUPP(M5,$Actions.$B$2:$Actions.$B$1123,$Actions.$D$2:$Actions.$D$1123)&";;  ")P	=IF(ISBLANK(N5),"",AF5)	P=IF(ISBLANK(N5),"",LOOKUPP(N5,$Actions.$B$2:$Actions.$B$1123,$Actions.$D$2:$Actions.$D$1123)&";;  ")P	=IF(ISBLANK(O5),"",AG5)	P=IF(ISBLANK(O5),"",LOOKUPP(O5,$Actions.$B$2:$Actions.$B$1123,$Actions.$D$2:$Actions.$D$1123)&";;  ")P	P=IF(ISBLANK(PP5),"",AH5)P	P=IF(ISBLANK(PP5),"",LOOKUPP(PP5,$Actions.$B$2:$Actions.$B$1123,$Actions.$D$2:$Actions.$D$1123)&";;  ")P	=IF(ISBLANK(Q5),"",AI5)	P=IF(ISBLANK(Q5),"",LOOKUPP(Q5,$Actions.$B$2:$Actions.$B$1123,$Actions.$D$2:$Actions.$D$1123)&";;  ")P	=IF(CONCAT(E5:Q5)="","","esac ;;  "&UNICHAR(13)&UNICHAR(10))
minicontrol	Workspace	‚ë£	‚ùπ	Launch App 1	Launch App 2	Launch App 3	Launch App 4	Launch App 5	Launch App 6	Launch App 7	Launch App 8	Launch App 9	Launch App 10	Launch App 11		Launch App 12	0	Control	0	15	0	0) 	1) 	2) 	3) 	4) 	5) 	6) 	7) 	8) 	9) 	10) 		11) 	127	=IF(CONCAT(E6:Q6)="","",UNICHAR(34)&R6&" "&S6&" "&T6&" "&U6&UNICHAR(34)&" ) case "&UNICHAR(34)&"$data2"&UNICHAR(34)&" in ")	=IF(ISBLANK(E6),"",W6)	P=IF(ISBLANK(E6),"",LOOKUPP(E6,$Actions.$B$2:$Actions.$B$1123,$Actions.$D$2:$Actions.$D$1123)&";;  ")P	=IF(ISBLANK(F6),"",X6)	P=IF(ISBLANK(F6),"",LOOKUPP(F6,$Actions.$B$2:$Actions.$B$1123,$Actions.$D$2:$Actions.$D$1123)&";;  ")P	=IF(ISBLANK(G6),"",Y6)	P=IF(ISBLANK(G6),"",LOOKUPP(G6,$Actions.$B$2:$Actions.$B$1123,$Actions.$D$2:$Actions.$D$1123)&";;  ")P	=IF(ISBLANK(H6),"",Z6)	P=IF(ISBLANK(H6),"",LOOKUPP(H6,$Actions.$B$2:$Actions.$B$1123,$Actions.$D$2:$Actions.$D$1123)&";;  ")P	=IF(ISBLANK(I6),"",AA6)	P=IF(ISBLANK(I6),"",LOOKUPP(I6,$Actions.$B$2:$Actions.$B$1123,$Actions.$D$2:$Actions.$D$1123)&";;  ")P	=IF(ISBLANK(J6),"",AB6)	P=IF(ISBLANK(J6),"",LOOKUPP(J6,$Actions.$B$2:$Actions.$B$1123,$Actions.$D$2:$Actions.$D$1123)&";;  ")P	=IF(ISBLANK(K6),"",AC6)	P=IF(ISBLANK(K6),"",LOOKUPP(K6,$Actions.$B$2:$Actions.$B$1123,$Actions.$D$2:$Actions.$D$1123)&";;  ")P	=IF(ISBLANK(L6),"",AD6)	P=IF(ISBLANK(L6),"",LOOKUPP(L6,$Actions.$B$2:$Actions.$B$1123,$Actions.$D$2:$Actions.$D$1123)&";;  ")P	=IF(ISBLANK(M6),"",AE6)	P=IF(ISBLANK(M6),"",LOOKUPP(M6,$Actions.$B$2:$Actions.$B$1123,$Actions.$D$2:$Actions.$D$1123)&";;  ")P	=IF(ISBLANK(N6),"",AF6)	P=IF(ISBLANK(N6),"",LOOKUPP(N6,$Actions.$B$2:$Actions.$B$1123,$Actions.$D$2:$Actions.$D$1123)&";;  ")P	=IF(ISBLANK(O6),"",AG6)	P=IF(ISBLANK(O6),"",LOOKUPP(O6,$Actions.$B$2:$Actions.$B$1123,$Actions.$D$2:$Actions.$D$1123)&";;  ")P	P=IF(ISBLANK(PP6),"",AH6)P	P=IF(ISBLANK(PP6),"",LOOKUPP(PP6,$Actions.$B$2:$Actions.$B$1123,$Actions.$D$2:$Actions.$D$1123)&";;  ")P	=IF(ISBLANK(Q6),"",AI6)	P=IF(ISBLANK(Q6),"",LOOKUPP(Q6,$Actions.$B$2:$Actions.$B$1123,$Actions.$D$2:$Actions.$D$1123)&";;  ")P	=IF(CONCAT(E6:Q6)="","","esac ;;  "&UNICHAR(13)&UNICHAR(10))
minicontrol		 ùüô	 ùü≠														0	Control	0	7	0	[1-9]) 	1[0-9])  	2[0-9]) 	3[0-9]) 	4[0-9]) 	5[0-9]) 	6[0-9]) 	7[0-9]) 	8[0-9]) 	9[0-9]) 	10[0-9]) 	11[0-9])	12[0-9]) 	127	=IF(CONCAT(E7:Q7)="","",UNICHAR(34)&R7&" "&S7&" "&T7&" "&U7&UNICHAR(34)&" ) case "&UNICHAR(34)&"$data2"&UNICHAR(34)&" in ")	=IF(ISBLANK(E7),"",W7)	P=IF(ISBLANK(E7),"",LOOKUPP(E7,$Actions.$B$2:$Actions.$B$1123,$Actions.$D$2:$Actions.$D$1123)&";;  ")P	=IF(ISBLANK(F7),"",X7)	P=IF(ISBLANK(F7),"",LOOKUPP(F7,$Actions.$B$2:$Actions.$B$1123,$Actions.$D$2:$Actions.$D$1123)&";;  ")P	=IF(ISBLANK(G7),"",Y7)	P=IF(ISBLANK(G7),"",LOOKUPP(G7,$Actions.$B$2:$Actions.$B$1123,$Actions.$D$2:$Actions.$D$1123)&";;  ")P	=IF(ISBLANK(H7),"",Z7)	P=IF(ISBLANK(H7),"",LOOKUPP(H7,$Actions.$B$2:$Actions.$B$1123,$Actions.$D$2:$Actions.$D$1123)&";;  ")P	=IF(ISBLANK(I7),"",AA7)	P=IF(ISBLANK(I7),"",LOOKUPP(I7,$Actions.$B$2:$Actions.$B$1123,$Actions.$D$2:$Actions.$D$1123)&";;  ")P	=IF(ISBLANK(J7),"",AB7)	P=IF(ISBLANK(J7),"",LOOKUPP(J7,$Actions.$B$2:$Actions.$B$1123,$Actions.$D$2:$Actions.$D$1123)&";;  ")P	=IF(ISBLANK(K7),"",AC7)	P=IF(ISBLANK(K7),"",LOOKUPP(K7,$Actions.$B$2:$Actions.$B$1123,$Actions.$D$2:$Actions.$D$1123)&";;  ")P	=IF(ISBLANK(L7),"",AD7)	P=IF(ISBLANK(L7),"",LOOKUPP(L7,$Actions.$B$2:$Actions.$B$1123,$Actions.$D$2:$Actions.$D$1123)&";;  ")P	=IF(ISBLANK(M7),"",AE7)	P=IF(ISBLANK(M7),"",LOOKUPP(M7,$Actions.$B$2:$Actions.$B$1123,$Actions.$D$2:$Actions.$D$1123)&";;  ")P	=IF(ISBLANK(N7),"",AF7)	P=IF(ISBLANK(N7),"",LOOKUPP(N7,$Actions.$B$2:$Actions.$B$1123,$Actions.$D$2:$Actions.$D$1123)&";;  ")P	=IF(ISBLANK(O7),"",AG7)	P=IF(ISBLANK(O7),"",LOOKUPP(O7,$Actions.$B$2:$Actions.$B$1123,$Actions.$D$2:$Actions.$D$1123)&";;  ")P	P=IF(ISBLANK(PP7),"",AH7)P	P=IF(ISBLANK(PP7),"",LOOKUPP(PP7,$Actions.$B$2:$Actions.$B$1123,$Actions.$D$2:$Actions.$D$1123)&";;  ")P	=IF(ISBLANK(Q7),"",AI7)	P=IF(ISBLANK(Q7),"",LOOKUPP(Q7,$Actions.$B$2:$Actions.$B$1123,$Actions.$D$2:$Actions.$D$1123)&";;  ")P	=IF(CONCAT(E7:Q7)="","","esac ;;  "&UNICHAR(13)&UNICHAR(10))
PPPanda MINIP		‚ë†	‚ù∂														0	Control	0	9	0	[1-9]) 	1[0-9])  	2[0-9]) 	3[0-9]) 	4[0-9]) 	5[0-9]) 	6[0-9]) 	7[0-9]) 	8[0-9]) 	9[0-9]) 	10[0-9]) 	11[0-9])	12[0-9]) 	127	=IF(CONCAT(E8:Q8)="","",UNICHAR(34)&R8&" "&S8&" "&T8&" "&U8&UNICHAR(34)&" ) case "&UNICHAR(34)&"$data2"&UNICHAR(34)&" in ")	=IF(ISBLANK(E8),"",W8)	P=IF(ISBLANK(E8),"",LOOKUPP(E8,$Actions.$B$2:$Actions.$B$1123,$Actions.$D$2:$Actions.$D$1123)&";;  ")P	=IF(ISBLANK(F8),"",X8)	P=IF(ISBLANK(F8),"",LOOKUPP(F8,$Actions.$B$2:$Actions.$B$1123,$Actions.$D$2:$Actions.$D$1123)&";;  ")P	=IF(ISBLANK(G8),"",Y8)	P=IF(ISBLANK(G8),"",LOOKUPP(G8,$Actions.$B$2:$Actions.$B$1123,$Actions.$D$2:$Actions.$D$1123)&";;  ")P	=IF(ISBLANK(H8),"",Z8)	P=IF(ISBLANK(H8),"",LOOKUPP(H8,$Actions.$B$2:$Actions.$B$1123,$Actions.$D$2:$Actions.$D$1123)&";;  ")P	=IF(ISBLANK(I8),"",AA8)	P=IF(ISBLANK(I8),"",LOOKUPP(I8,$Actions.$B$2:$Actions.$B$1123,$Actions.$D$2:$Actions.$D$1123)&";;  ")P	=IF(ISBLANK(J8),"",AB8)	P=IF(ISBLANK(J8),"",LOOKUPP(J8,$Actions.$B$2:$Actions.$B$1123,$Actions.$D$2:$Actions.$D$1123)&";;  ")P	=IF(ISBLANK(K8),"",AC8)	P=IF(ISBLANK(K8),"",LOOKUPP(K8,$Actions.$B$2:$Actions.$B$1123,$Actions.$D$2:$Actions.$D$1123)&";;  ")P	=IF(ISBLANK(L8),"",AD8)	P=IF(ISBLANK(L8),"",LOOKUPP(L8,$Actions.$B$2:$Actions.$B$1123,$Actions.$D$2:$Actions.$D$1123)&";;  ")P	=IF(ISBLANK(M8),"",AE8)	P=IF(ISBLANK(M8),"",LOOKUPP(M8,$Actions.$B$2:$Actions.$B$1123,$Actions.$D$2:$Actions.$D$1123)&";;  ")P	=IF(ISBLANK(N8),"",AF8)	P=IF(ISBLANK(N8),"",LOOKUPP(N8,$Actions.$B$2:$Actions.$B$1123,$Actions.$D$2:$Actions.$D$1123)&";;  ")P	=IF(ISBLANK(O8),"",AG8)	P=IF(ISBLANK(O8),"",LOOKUPP(O8,$Actions.$B$2:$Actions.$B$1123,$Actions.$D$2:$Actions.$D$1123)&";;  ")P	P=IF(ISBLANK(PP8),"",AH8)P	P=IF(ISBLANK(PP8),"",LOOKUPP(PP8,$Actions.$B$2:$Actions.$B$1123,$Actions.$D$2:$Actions.$D$1123)&";;  ")P	=IF(ISBLANK(Q8),"",AI8)	P=IF(ISBLANK(Q8),"",LOOKUPP(Q8,$Actions.$B$2:$Actions.$B$1123,$Actions.$D$2:$Actions.$D$1123)&";;  ")P	=IF(CONCAT(E8:Q8)="","","esac ;;  "&UNICHAR(13)&UNICHAR(10))
PPPandaP		‚ë°	‚ù∑														0	Control	0	10	0	[1-9]) 	1[0-9])  	2[0-9]) 	3[0-9]) 	4[0-9]) 	5[0-9]) 	6[0-9]) 	7[0-9]) 	8[0-9]) 	9[0-9]) 	10[0-9]) 	11[0-9])	12[0-9]) 	127	=IF(CONCAT(E9:Q9)="","",UNICHAR(34)&R9&" "&S9&" "&T9&" "&U9&UNICHAR(34)&" ) case "&UNICHAR(34)&"$data2"&UNICHAR(34)&" in ")	=IF(ISBLANK(E9),"",W9)	P=IF(ISBLANK(E9),"",LOOKUPP(E9,$Actions.$B$2:$Actions.$B$1123,$Actions.$D$2:$Actions.$D$1123)&";;  ")P	=IF(ISBLANK(F9),"",X9)	P=IF(ISBLANK(F9),"",LOOKUPP(F9,$Actions.$B$2:$Actions.$B$1123,$Actions.$D$2:$Actions.$D$1123)&";;  ")P	=IF(ISBLANK(G9),"",Y9)	P=IF(ISBLANK(G9),"",LOOKUPP(G9,$Actions.$B$2:$Actions.$B$1123,$Actions.$D$2:$Actions.$D$1123)&";;  ")P	=IF(ISBLANK(H9),"",Z9)	P=IF(ISBLANK(H9),"",LOOKUPP(H9,$Actions.$B$2:$Actions.$B$1123,$Actions.$D$2:$Actions.$D$1123)&";;  ")P	=IF(ISBLANK(I9),"",AA9)	P=IF(ISBLANK(I9),"",LOOKUPP(I9,$Actions.$B$2:$Actions.$B$1123,$Actions.$D$2:$Actions.$D$1123)&";;  ")P	=IF(ISBLANK(J9),"",AB9)	P=IF(ISBLANK(J9),"",LOOKUPP(J9,$Actions.$B$2:$Actions.$B$1123,$Actions.$D$2:$Actions.$D$1123)&";;  ")P	=IF(ISBLANK(K9),"",AC9)	P=IF(ISBLANK(K9),"",LOOKUPP(K9,$Actions.$B$2:$Actions.$B$1123,$Actions.$D$2:$Actions.$D$1123)&";;  ")P	=IF(ISBLANK(L9),"",AD9)	P=IF(ISBLANK(L9),"",LOOKUPP(L9,$Actions.$B$2:$Actions.$B$1123,$Actions.$D$2:$Actions.$D$1123)&";;  ")P	=IF(ISBLANK(M9),"",AE9)	P=IF(ISBLANK(M9),"",LOOKUPP(M9,$Actions.$B$2:$Actions.$B$1123,$Actions.$D$2:$Actions.$D$1123)&";;  ")P	=IF(ISBLANK(N9),"",AF9)	P=IF(ISBLANK(N9),"",LOOKUPP(N9,$Actions.$B$2:$Actions.$B$1123,$Actions.$D$2:$Actions.$D$1123)&";;  ")P	=IF(ISBLANK(O9),"",AG9)	P=IF(ISBLANK(O9),"",LOOKUPP(O9,$Actions.$B$2:$Actions.$B$1123,$Actions.$D$2:$Actions.$D$1123)&";;  ")P	P=IF(ISBLANK(PP9),"",AH9)P	P=IF(ISBLANK(PP9),"",LOOKUPP(PP9,$Actions.$B$2:$Actions.$B$1123,$Actions.$D$2:$Actions.$D$1123)&";;  ")P	=IF(ISBLANK(Q9),"",AI9)	P=IF(ISBLANK(Q9),"",LOOKUPP(Q9,$Actions.$B$2:$Actions.$B$1123,$Actions.$D$2:$Actions.$D$1123)&";;  ")P	=IF(CONCAT(E9:Q9)="","","esac ;;  "&UNICHAR(13)&UNICHAR(10))
PPPandaP		‚ë¢	‚ù∏														0	Control	0	11	0	[1-9]) 	1[0-9])  	2[0-9]) 	3[0-9]) 	4[0-9]) 	5[0-9]) 	6[0-9]) 	7[0-9]) 	8[0-9]) 	9[0-9]) 	10[0-9]) 	11[0-9])	12[0-9]) 	127	=IF(CONCAT(E10:Q10)="","",UNICHAR(34)&R10&" "&S10&" "&T10&" "&U10&UNICHAR(34)&" ) case "&UNICHAR(34)&"$data2"&UNICHAR(34)&" in ")	=IF(ISBLANK(E10),"",W10)	P=IF(ISBLANK(E10),"",LOOKUPP(E10,$Actions.$B$2:$Actions.$B$1123,$Actions.$D$2:$Actions.$D$1123)&";;  ")P	=IF(ISBLANK(F10),"",X10)	P=IF(ISBLANK(F10),"",LOOKUPP(F10,$Actions.$B$2:$Actions.$B$1123,$Actions.$D$2:$Actions.$D$1123)&";;  ")P	=IF(ISBLANK(G10),"",Y10)	P=IF(ISBLANK(G10),"",LOOKUPP(G10,$Actions.$B$2:$Actions.$B$1123,$Actions.$D$2:$Actions.$D$1123)&";;  ")P	=IF(ISBLANK(H10),"",Z10)	P=IF(ISBLANK(H10),"",LOOKUPP(H10,$Actions.$B$2:$Actions.$B$1123,$Actions.$D$2:$Actions.$D$1123)&";;  ")P	=IF(ISBLANK(I10),"",AA10)	P=IF(ISBLANK(I10),"",LOOKUPP(I10,$Actions.$B$2:$Actions.$B$1123,$Actions.$D$2:$Actions.$D$1123)&";;  ")P	=IF(ISBLANK(J10),"",AB10)	P=IF(ISBLANK(J10),"",LOOKUPP(J10,$Actions.$B$2:$Actions.$B$1123,$Actions.$D$2:$Actions.$D$1123)&";;  ")P	=IF(ISBLANK(K10),"",AC10)	P=IF(ISBLANK(K10),"",LOOKUPP(K10,$Actions.$B$2:$Actions.$B$1123,$Actions.$D$2:$Actions.$D$1123)&";;  ")P	=IF(ISBLANK(L10),"",AD10)	P=IF(ISBLANK(L10),"",LOOKUPP(L10,$Actions.$B$2:$Actions.$B$1123,$Actions.$D$2:$Actions.$D$1123)&";;  ")P	=IF(ISBLANK(M10),"",AE10)	P=IF(ISBLANK(M10),"",LOOKUPP(M10,$Actions.$B$2:$Actions.$B$1123,$Actions.$D$2:$Actions.$D$1123)&";;  ")P	=IF(ISBLANK(N10),"",AF10)	P=IF(ISBLANK(N10),"",LOOKUPP(N10,$Actions.$B$2:$Actions.$B$1123,$Actions.$D$2:$Actions.$D$1123)&";;  ")P	=IF(ISBLANK(O10),"",AG10)	P=IF(ISBLANK(O10),"",LOOKUPP(O10,$Actions.$B$2:$Actions.$B$1123,$Actions.$D$2:$Actions.$D$1123)&";;  ")P	P=IF(ISBLANK(PP10),"",AH10)P	P=IF(ISBLANK(PP10),"",LOOKUPP(PP10,$Actions.$B$2:$Actions.$B$1123,$Actions.$D$2:$Actions.$D$1123)&";;  ")P	=IF(ISBLANK(Q10),"",AI10)	P=IF(ISBLANK(Q10),"",LOOKUPP(Q10,$Actions.$B$2:$Actions.$B$1123,$Actions.$D$2:$Actions.$D$1123)&";;  ")P	=IF(CONCAT(E10:Q10)="","","esac ;;  "&UNICHAR(13)&UNICHAR(10))
PPPandaP	Volume	‚ë£	‚ùπ														0	Control	0	12	0	[1-9]) 	1[0-9])  	2[0-9]) 	3[0-9]) 	4[0-9]) 	5[0-9]) 	6[0-9]) 	7[0-9]) 	8[0-9]) 	9[0-9]) 	10[0-9]) 	11[0-9])	12[0-9]) 	127	=IF(CONCAT(E11:Q11)="","",UNICHAR(34)&R11&" "&S11&" "&T11&" "&U11&UNICHAR(34)&" ) case "&UNICHAR(34)&"$data2"&UNICHAR(34)&" in ")	=IF(ISBLANK(E11),"",W11)	P=IF(ISBLANK(E11),"",LOOKUPP(E11,$Actions.$B$2:$Actions.$B$1123,$Actions.$D$2:$Actions.$D$1123)&";;  ")P	=IF(ISBLANK(F11),"",X11)	P=IF(ISBLANK(F11),"",LOOKUPP(F11,$Actions.$B$2:$Actions.$B$1123,$Actions.$D$2:$Actions.$D$1123)&";;  ")P	=IF(ISBLANK(G11),"",Y11)	P=IF(ISBLANK(G11),"",LOOKUPP(G11,$Actions.$B$2:$Actions.$B$1123,$Actions.$D$2:$Actions.$D$1123)&";;  ")P	=IF(ISBLANK(H11),"",Z11)	P=IF(ISBLANK(H11),"",LOOKUPP(H11,$Actions.$B$2:$Actions.$B$1123,$Actions.$D$2:$Actions.$D$1123)&";;  ")P	=IF(ISBLANK(I11),"",AA11)	P=IF(ISBLANK(I11),"",LOOKUPP(I11,$Actions.$B$2:$Actions.$B$1123,$Actions.$D$2:$Actions.$D$1123)&";;  ")P	=IF(ISBLANK(J11),"",AB11)	P=IF(ISBLANK(J11),"",LOOKUPP(J11,$Actions.$B$2:$Actions.$B$1123,$Actions.$D$2:$Actions.$D$1123)&";;  ")P	=IF(ISBLANK(K11),"",AC11)	P=IF(ISBLANK(K11),"",LOOKUPP(K11,$Actions.$B$2:$Actions.$B$1123,$Actions.$D$2:$Actions.$D$1123)&";;  ")P	=IF(ISBLANK(L11),"",AD11)	P=IF(ISBLANK(L11),"",LOOKUPP(L11,$Actions.$B$2:$Actions.$B$1123,$Actions.$D$2:$Actions.$D$1123)&";;  ")P	=IF(ISBLANK(M11),"",AE11)	P=IF(ISBLANK(M11),"",LOOKUPP(M11,$Actions.$B$2:$Actions.$B$1123,$Actions.$D$2:$Actions.$D$1123)&";;  ")P	=IF(ISBLANK(N11),"",AF11)	P=IF(ISBLANK(N11),"",LOOKUPP(N11,$Actions.$B$2:$Actions.$B$1123,$Actions.$D$2:$Actions.$D$1123)&";;  ")P	=IF(ISBLANK(O11),"",AG11)	P=IF(ISBLANK(O11),"",LOOKUPP(O11,$Actions.$B$2:$Actions.$B$1123,$Actions.$D$2:$Actions.$D$1123)&";;  ")P	P=IF(ISBLANK(PP11),"",AH11)P	P=IF(ISBLANK(PP11),"",LOOKUPP(PP11,$Actions.$B$2:$Actions.$B$1123,$Actions.$D$2:$Actions.$D$1123)&";;  ")P	=IF(ISBLANK(Q11),"",AI11)	P=IF(ISBLANK(Q11),"",LOOKUPP(Q11,$Actions.$B$2:$Actions.$B$1123,$Actions.$D$2:$Actions.$D$1123)&";;  ")P	=IF(CONCAT(E11:Q11)="","","esac ;;  "&UNICHAR(13)&UNICHAR(10))
PPPandaP		‚∏Ωùüô	‚∏Ωùü≠														0	Control	0	7	0	[1-9]) 	1[0-9])  	2[0-9]) 	3[0-9]) 	4[0-9]) 	5[0-9]) 	6[0-9]) 	7[0-9]) 	8[0-9]) 	9[0-9]) 	10[0-9]) 	11[0-9])	12[0-9]) 	127	=IF(CONCAT(E12:Q12)="","",UNICHAR(34)&R12&" "&S12&" "&T12&" "&U12&UNICHAR(34)&" ) case "&UNICHAR(34)&"$data2"&UNICHAR(34)&" in ")	=IF(ISBLANK(E12),"",W12)	P=IF(ISBLANK(E12),"",LOOKUPP(E12,$Actions.$B$2:$Actions.$B$1123,$Actions.$D$2:$Actions.$D$1123)&";;  ")P	=IF(ISBLANK(F12),"",X12)	P=IF(ISBLANK(F12),"",LOOKUPP(F12,$Actions.$B$2:$Actions.$B$1123,$Actions.$D$2:$Actions.$D$1123)&";;  ")P	=IF(ISBLANK(G12),"",Y12)	P=IF(ISBLANK(G12),"",LOOKUPP(G12,$Actions.$B$2:$Actions.$B$1123,$Actions.$D$2:$Actions.$D$1123)&";;  ")P	=IF(ISBLANK(H12),"",Z12)	P=IF(ISBLANK(H12),"",LOOKUPP(H12,$Actions.$B$2:$Actions.$B$1123,$Actions.$D$2:$Actions.$D$1123)&";;  ")P	=IF(ISBLANK(I12),"",AA12)	P=IF(ISBLANK(I12),"",LOOKUPP(I12,$Actions.$B$2:$Actions.$B$1123,$Actions.$D$2:$Actions.$D$1123)&";;  ")P	=IF(ISBLANK(J12),"",AB12)	P=IF(ISBLANK(J12),"",LOOKUPP(J12,$Actions.$B$2:$Actions.$B$1123,$Actions.$D$2:$Actions.$D$1123)&";;  ")P	=IF(ISBLANK(K12),"",AC12)	P=IF(ISBLANK(K12),"",LOOKUPP(K12,$Actions.$B$2:$Actions.$B$1123,$Actions.$D$2:$Actions.$D$1123)&";;  ")P	=IF(ISBLANK(L12),"",AD12)	P=IF(ISBLANK(L12),"",LOOKUPP(L12,$Actions.$B$2:$Actions.$B$1123,$Actions.$D$2:$Actions.$D$1123)&";;  ")P	=IF(ISBLANK(M12),"",AE12)	P=IF(ISBLANK(M12),"",LOOKUPP(M12,$Actions.$B$2:$Actions.$B$1123,$Actions.$D$2:$Actions.$D$1123)&";;  ")P	=IF(ISBLANK(N12),"",AF12)	P=IF(ISBLANK(N12),"",LOOKUPP(N12,$Actions.$B$2:$Actions.$B$1123,$Actions.$D$2:$Actions.$D$1123)&";;  ")P	=IF(ISBLANK(O12),"",AG12)	P=IF(ISBLANK(O12),"",LOOKUPP(O12,$Actions.$B$2:$Actions.$B$1123,$Actions.$D$2:$Actions.$D$1123)&";;  ")P	P=IF(ISBLANK(PP12),"",AH12)P	P=IF(ISBLANK(PP12),"",LOOKUPP(PP12,$Actions.$B$2:$Actions.$B$1123,$Actions.$D$2:$Actions.$D$1123)&";;  ")P	=IF(ISBLANK(Q12),"",AI12)	P=IF(ISBLANK(Q12),"",LOOKUPP(Q12,$Actions.$B$2:$Actions.$B$1123,$Actions.$D$2:$Actions.$D$1123)&";;  ")P	=IF(CONCAT(E12:Q12)="","","esac ;;  "&UNICHAR(13)&UNICHAR(10))
PPPandaP	F14	‚∏Ωùüö	‚∏ΩùüÆ														0	Control	0	43	0	[1-9]) 	1[0-9])  	2[0-9]) 	3[0-9]) 	4[0-9]) 	5[0-9]) 	6[0-9]) 	7[0-9]) 	8[0-9]) 	9[0-9]) 	10[0-9]) 	11[0-9])	12[0-9]) 	127	=IF(CONCAT(E13:Q13)="","",UNICHAR(34)&R13&" "&S13&" "&T13&" "&U13&UNICHAR(34)&" ) case "&UNICHAR(34)&"$data2"&UNICHAR(34)&" in ")	=IF(ISBLANK(E13),"",W13)	P=IF(ISBLANK(E13),"",LOOKUPP(E13,$Actions.$B$2:$Actions.$B$1123,$Actions.$D$2:$Actions.$D$1123)&";;  ")P	=IF(ISBLANK(F13),"",X13)	P=IF(ISBLANK(F13),"",LOOKUPP(F13,$Actions.$B$2:$Actions.$B$1123,$Actions.$D$2:$Actions.$D$1123)&";;  ")P	=IF(ISBLANK(G13),"",Y13)	P=IF(ISBLANK(G13),"",LOOKUPP(G13,$Actions.$B$2:$Actions.$B$1123,$Actions.$D$2:$Actions.$D$1123)&";;  ")P	=IF(ISBLANK(H13),"",Z13)	P=IF(ISBLANK(H13),"",LOOKUPP(H13,$Actions.$B$2:$Actions.$B$1123,$Actions.$D$2:$Actions.$D$1123)&";;  ")P	=IF(ISBLANK(I13),"",AA13)	P=IF(ISBLANK(I13),"",LOOKUPP(I13,$Actions.$B$2:$Actions.$B$1123,$Actions.$D$2:$Actions.$D$1123)&";;  ")P	=IF(ISBLANK(J13),"",AB13)	P=IF(ISBLANK(J13),"",LOOKUPP(J13,$Actions.$B$2:$Actions.$B$1123,$Actions.$D$2:$Actions.$D$1123)&";;  ")P	=IF(ISBLANK(K13),"",AC13)	P=IF(ISBLANK(K13),"",LOOKUPP(K13,$Actions.$B$2:$Actions.$B$1123,$Actions.$D$2:$Actions.$D$1123)&";;  ")P	=IF(ISBLANK(L13),"",AD13)	P=IF(ISBLANK(L13),"",LOOKUPP(L13,$Actions.$B$2:$Actions.$B$1123,$Actions.$D$2:$Actions.$D$1123)&";;  ")P	=IF(ISBLANK(M13),"",AE13)	P=IF(ISBLANK(M13),"",LOOKUPP(M13,$Actions.$B$2:$Actions.$B$1123,$Actions.$D$2:$Actions.$D$1123)&";;  ")P	=IF(ISBLANK(N13),"",AF13)	P=IF(ISBLANK(N13),"",LOOKUPP(N13,$Actions.$B$2:$Actions.$B$1123,$Actions.$D$2:$Actions.$D$1123)&";;  ")P	=IF(ISBLANK(O13),"",AG13)	P=IF(ISBLANK(O13),"",LOOKUPP(O13,$Actions.$B$2:$Actions.$B$1123,$Actions.$D$2:$Actions.$D$1123)&";;  ")P	P=IF(ISBLANK(PP13),"",AH13)P	P=IF(ISBLANK(PP13),"",LOOKUPP(PP13,$Actions.$B$2:$Actions.$B$1123,$Actions.$D$2:$Actions.$D$1123)&";;  ")P	=IF(ISBLANK(Q13),"",AI13)	P=IF(ISBLANK(Q13),"",LOOKUPP(Q13,$Actions.$B$2:$Actions.$B$1123,$Actions.$D$2:$Actions.$D$1123)&";;  ")P	=IF(CONCAT(E13:Q13)="","","esac ;;  "&UNICHAR(13)&UNICHAR(10))
PPPandaP	Alt F16	‚∏Ωùüõ	‚∏ΩùüØ														0	Control	0	37	0	[1-9]) 	1[0-9])  	2[0-9]) 	3[0-9]) 	4[0-9]) 	5[0-9]) 	6[0-9]) 	7[0-9]) 	8[0-9]) 	9[0-9]) 	10[0-9]) 	11[0-9])	12[0-9]) 	127	=IF(CONCAT(E14:Q14)="","",UNICHAR(34)&R14&" "&S14&" "&T14&" "&U14&UNICHAR(34)&" ) case "&UNICHAR(34)&"$data2"&UNICHAR(34)&" in ")	=IF(ISBLANK(E14),"",W14)	P=IF(ISBLANK(E14),"",LOOKUPP(E14,$Actions.$B$2:$Actions.$B$1123,$Actions.$D$2:$Actions.$D$1123)&";;  ")P	=IF(ISBLANK(F14),"",X14)	P=IF(ISBLANK(F14),"",LOOKUPP(F14,$Actions.$B$2:$Actions.$B$1123,$Actions.$D$2:$Actions.$D$1123)&";;  ")P	=IF(ISBLANK(G14),"",Y14)	P=IF(ISBLANK(G14),"",LOOKUPP(G14,$Actions.$B$2:$Actions.$B$1123,$Actions.$D$2:$Actions.$D$1123)&";;  ")P	=IF(ISBLANK(H14),"",Z14)	P=IF(ISBLANK(H14),"",LOOKUPP(H14,$Actions.$B$2:$Actions.$B$1123,$Actions.$D$2:$Actions.$D$1123)&";;  ")P	=IF(ISBLANK(I14),"",AA14)	P=IF(ISBLANK(I14),"",LOOKUPP(I14,$Actions.$B$2:$Actions.$B$1123,$Actions.$D$2:$Actions.$D$1123)&";;  ")P	=IF(ISBLANK(J14),"",AB14)	P=IF(ISBLANK(J14),"",LOOKUPP(J14,$Actions.$B$2:$Actions.$B$1123,$Actions.$D$2:$Actions.$D$1123)&";;  ")P	=IF(ISBLANK(K14),"",AC14)	P=IF(ISBLANK(K14),"",LOOKUPP(K14,$Actions.$B$2:$Actions.$B$1123,$Actions.$D$2:$Actions.$D$1123)&";;  ")P	=IF(ISBLANK(L14),"",AD14)	P=IF(ISBLANK(L14),"",LOOKUPP(L14,$Actions.$B$2:$Actions.$B$1123,$Actions.$D$2:$Actions.$D$1123)&";;  ")P	=IF(ISBLANK(M14),"",AE14)	P=IF(ISBLANK(M14),"",LOOKUPP(M14,$Actions.$B$2:$Actions.$B$1123,$Actions.$D$2:$Actions.$D$1123)&";;  ")P	=IF(ISBLANK(N14),"",AF14)	P=IF(ISBLANK(N14),"",LOOKUPP(N14,$Actions.$B$2:$Actions.$B$1123,$Actions.$D$2:$Actions.$D$1123)&";;  ")P	=IF(ISBLANK(O14),"",AG14)	P=IF(ISBLANK(O14),"",LOOKUPP(O14,$Actions.$B$2:$Actions.$B$1123,$Actions.$D$2:$Actions.$D$1123)&";;  ")P	P=IF(ISBLANK(PP14),"",AH14)P	P=IF(ISBLANK(PP14),"",LOOKUPP(PP14,$Actions.$B$2:$Actions.$B$1123,$Actions.$D$2:$Actions.$D$1123)&";;  ")P	=IF(ISBLANK(Q14),"",AI14)	P=IF(ISBLANK(Q14),"",LOOKUPP(Q14,$Actions.$B$2:$Actions.$B$1123,$Actions.$D$2:$Actions.$D$1123)&";;  ")P	=IF(CONCAT(E14:Q14)="","","esac ;;  "&UNICHAR(13)&UNICHAR(10))
PPPandaP		‚∏Ωùüú	‚∏Ωùü∞														0	Control	0	72	0	[1-9]) 	1[0-9])  	2[0-9]) 	3[0-9]) 	4[0-9]) 	5[0-9]) 	6[0-9]) 	7[0-9]) 	8[0-9]) 	9[0-9]) 	10[0-9]) 	11[0-9])	12[0-9]) 	127	=IF(CONCAT(E15:Q15)="","",UNICHAR(34)&R15&" "&S15&" "&T15&" "&U15&UNICHAR(34)&" ) case "&UNICHAR(34)&"$data2"&UNICHAR(34)&" in ")	=IF(ISBLANK(E15),"",W15)	P=IF(ISBLANK(E15),"",LOOKUPP(E15,$Actions.$B$2:$Actions.$B$1123,$Actions.$D$2:$Actions.$D$1123)&";;  ")P	=IF(ISBLANK(F15),"",X15)	P=IF(ISBLANK(F15),"",LOOKUPP(F15,$Actions.$B$2:$Actions.$B$1123,$Actions.$D$2:$Actions.$D$1123)&";;  ")P	=IF(ISBLANK(G15),"",Y15)	P=IF(ISBLANK(G15),"",LOOKUPP(G15,$Actions.$B$2:$Actions.$B$1123,$Actions.$D$2:$Actions.$D$1123)&";;  ")P	=IF(ISBLANK(H15),"",Z15)	P=IF(ISBLANK(H15),"",LOOKUPP(H15,$Actions.$B$2:$Actions.$B$1123,$Actions.$D$2:$Actions.$D$1123)&";;  ")P	=IF(ISBLANK(I15),"",AA15)	P=IF(ISBLANK(I15),"",LOOKUPP(I15,$Actions.$B$2:$Actions.$B$1123,$Actions.$D$2:$Actions.$D$1123)&";;  ")P	=IF(ISBLANK(J15),"",AB15)	P=IF(ISBLANK(J15),"",LOOKUPP(J15,$Actions.$B$2:$Actions.$B$1123,$Actions.$D$2:$Actions.$D$1123)&";;  ")P	=IF(ISBLANK(K15),"",AC15)	P=IF(ISBLANK(K15),"",LOOKUPP(K15,$Actions.$B$2:$Actions.$B$1123,$Actions.$D$2:$Actions.$D$1123)&";;  ")P	=IF(ISBLANK(L15),"",AD15)	P=IF(ISBLANK(L15),"",LOOKUPP(L15,$Actions.$B$2:$Actions.$B$1123,$Actions.$D$2:$Actions.$D$1123)&";;  ")P	=IF(ISBLANK(M15),"",AE15)	P=IF(ISBLANK(M15),"",LOOKUPP(M15,$Actions.$B$2:$Actions.$B$1123,$Actions.$D$2:$Actions.$D$1123)&";;  ")P	=IF(ISBLANK(N15),"",AF15)	P=IF(ISBLANK(N15),"",LOOKUPP(N15,$Actions.$B$2:$Actions.$B$1123,$Actions.$D$2:$Actions.$D$1123)&";;  ")P	=IF(ISBLANK(O15),"",AG15)	P=IF(ISBLANK(O15),"",LOOKUPP(O15,$Actions.$B$2:$Actions.$B$1123,$Actions.$D$2:$Actions.$D$1123)&";;  ")P	P=IF(ISBLANK(PP15),"",AH15)P	P=IF(ISBLANK(PP15),"",LOOKUPP(PP15,$Actions.$B$2:$Actions.$B$1123,$Actions.$D$2:$Actions.$D$1123)&";;  ")P	=IF(ISBLANK(Q15),"",AI15)	P=IF(ISBLANK(Q15),"",LOOKUPP(Q15,$Actions.$B$2:$Actions.$B$1123,$Actions.$D$2:$Actions.$D$1123)&";;  ")P	=IF(CONCAT(E15:Q15)="","","esac ;;  "&UNICHAR(13)&UNICHAR(10))
		‚∏Ωùüù	‚∏Ωùü±														0	Control	0	11	0	[1-9]) 	1[0-9])  	2[0-9]) 	3[0-9]) 	4[0-9]) 	5[0-9]) 	6[0-9]) 	7[0-9]) 	8[0-9]) 	9[0-9]) 	10[0-9]) 	11[0-9])	12[0-9]) 	127	=IF(CONCAT(E16:Q16)="","",UNICHAR(34)&R16&" "&S16&" "&T16&" "&U16&UNICHAR(34)&" ) case "&UNICHAR(34)&"$data2"&UNICHAR(34)&" in ")	=IF(ISBLANK(E16),"",W16)	P=IF(ISBLANK(E16),"",LOOKUPP(E16,$Actions.$B$2:$Actions.$B$1123,$Actions.$D$2:$Actions.$D$1123)&";;  ")P	=IF(ISBLANK(F16),"",X16)	P=IF(ISBLANK(F16),"",LOOKUPP(F16,$Actions.$B$2:$Actions.$B$1123,$Actions.$D$2:$Actions.$D$1123)&";;  ")P	=IF(ISBLANK(G16),"",Y16)	P=IF(ISBLANK(G16),"",LOOKUPP(G16,$Actions.$B$2:$Actions.$B$1123,$Actions.$D$2:$Actions.$D$1123)&";;  ")P	=IF(ISBLANK(H16),"",Z16)	P=IF(ISBLANK(H16),"",LOOKUPP(H16,$Actions.$B$2:$Actions.$B$1123,$Actions.$D$2:$Actions.$D$1123)&";;  ")P	=IF(ISBLANK(I16),"",AA16)	P=IF(ISBLANK(I16),"",LOOKUPP(I16,$Actions.$B$2:$Actions.$B$1123,$Actions.$D$2:$Actions.$D$1123)&";;  ")P	=IF(ISBLANK(J16),"",AB16)	P=IF(ISBLANK(J16),"",LOOKUPP(J16,$Actions.$B$2:$Actions.$B$1123,$Actions.$D$2:$Actions.$D$1123)&";;  ")P	=IF(ISBLANK(K16),"",AC16)	P=IF(ISBLANK(K16),"",LOOKUPP(K16,$Actions.$B$2:$Actions.$B$1123,$Actions.$D$2:$Actions.$D$1123)&";;  ")P	=IF(ISBLANK(L16),"",AD16)	P=IF(ISBLANK(L16),"",LOOKUPP(L16,$Actions.$B$2:$Actions.$B$1123,$Actions.$D$2:$Actions.$D$1123)&";;  ")P	=IF(ISBLANK(M16),"",AE16)	P=IF(ISBLANK(M16),"",LOOKUPP(M16,$Actions.$B$2:$Actions.$B$1123,$Actions.$D$2:$Actions.$D$1123)&";;  ")P	=IF(ISBLANK(N16),"",AF16)	P=IF(ISBLANK(N16),"",LOOKUPP(N16,$Actions.$B$2:$Actions.$B$1123,$Actions.$D$2:$Actions.$D$1123)&";;  ")P	=IF(ISBLANK(O16),"",AG16)	P=IF(ISBLANK(O16),"",LOOKUPP(O16,$Actions.$B$2:$Actions.$B$1123,$Actions.$D$2:$Actions.$D$1123)&";;  ")P	P=IF(ISBLANK(PP16),"",AH16)P	P=IF(ISBLANK(PP16),"",LOOKUPP(PP16,$Actions.$B$2:$Actions.$B$1123,$Actions.$D$2:$Actions.$D$1123)&";;  ")P	=IF(ISBLANK(Q16),"",AI16)	P=IF(ISBLANK(Q16),"",LOOKUPP(Q16,$Actions.$B$2:$Actions.$B$1123,$Actions.$D$2:$Actions.$D$1123)&";;  ")P	=IF(CONCAT(E16:Q16)="","","esac ;;  "&UNICHAR(13)&UNICHAR(10))
		‚∏Ωùüû	‚∏Ωùü≤														0	Control	0	72	0	[1-9]) 	1[0-9])  	2[0-9]) 	3[0-9]) 	4[0-9]) 	5[0-9]) 	6[0-9]) 	7[0-9]) 	8[0-9]) 	9[0-9]) 	10[0-9]) 	11[0-9])	12[0-9]) 	127	=IF(CONCAT(E17:Q17)="","",UNICHAR(34)&R17&" "&S17&" "&T17&" "&U17&UNICHAR(34)&" ) case "&UNICHAR(34)&"$data2"&UNICHAR(34)&" in ")	=IF(ISBLANK(E17),"",W17)	P=IF(ISBLANK(E17),"",LOOKUPP(E17,$Actions.$B$2:$Actions.$B$1123,$Actions.$D$2:$Actions.$D$1123)&";;  ")P	=IF(ISBLANK(F17),"",X17)	P=IF(ISBLANK(F17),"",LOOKUPP(F17,$Actions.$B$2:$Actions.$B$1123,$Actions.$D$2:$Actions.$D$1123)&";;  ")P	=IF(ISBLANK(G17),"",Y17)	P=IF(ISBLANK(G17),"",LOOKUPP(G17,$Actions.$B$2:$Actions.$B$1123,$Actions.$D$2:$Actions.$D$1123)&";;  ")P	=IF(ISBLANK(H17),"",Z17)	P=IF(ISBLANK(H17),"",LOOKUPP(H17,$Actions.$B$2:$Actions.$B$1123,$Actions.$D$2:$Actions.$D$1123)&";;  ")P	=IF(ISBLANK(I17),"",AA17)	P=IF(ISBLANK(I17),"",LOOKUPP(I17,$Actions.$B$2:$Actions.$B$1123,$Actions.$D$2:$Actions.$D$1123)&";;  ")P	=IF(ISBLANK(J17),"",AB17)	P=IF(ISBLANK(J17),"",LOOKUPP(J17,$Actions.$B$2:$Actions.$B$1123,$Actions.$D$2:$Actions.$D$1123)&";;  ")P	=IF(ISBLANK(K17),"",AC17)	P=IF(ISBLANK(K17),"",LOOKUPP(K17,$Actions.$B$2:$Actions.$B$1123,$Actions.$D$2:$Actions.$D$1123)&";;  ")P	=IF(ISBLANK(L17),"",AD17)	P=IF(ISBLANK(L17),"",LOOKUPP(L17,$Actions.$B$2:$Actions.$B$1123,$Actions.$D$2:$Actions.$D$1123)&";;  ")P	=IF(ISBLANK(M17),"",AE17)	P=IF(ISBLANK(M17),"",LOOKUPP(M17,$Actions.$B$2:$Actions.$B$1123,$Actions.$D$2:$Actions.$D$1123)&";;  ")P	=IF(ISBLANK(N17),"",AF17)	P=IF(ISBLANK(N17),"",LOOKUPP(N17,$Actions.$B$2:$Actions.$B$1123,$Actions.$D$2:$Actions.$D$1123)&";;  ")P	=IF(ISBLANK(O17),"",AG17)	P=IF(ISBLANK(O17),"",LOOKUPP(O17,$Actions.$B$2:$Actions.$B$1123,$Actions.$D$2:$Actions.$D$1123)&";;  ")P	P=IF(ISBLANK(PP17),"",AH17)P	P=IF(ISBLANK(PP17),"",LOOKUPP(PP17,$Actions.$B$2:$Actions.$B$1123,$Actions.$D$2:$Actions.$D$1123)&";;  ")P	=IF(ISBLANK(Q17),"",AI17)	P=IF(ISBLANK(Q17),"",LOOKUPP(Q17,$Actions.$B$2:$Actions.$B$1123,$Actions.$D$2:$Actions.$D$1123)&";;  ")P	=IF(CONCAT(E17:Q17)="","","esac ;;  "&UNICHAR(13)&UNICHAR(10))
		‚∏Ωùüü	‚∏Ωùü≥														0	Control	0	73	0	[1-9]) 	1[0-9])  	2[0-9]) 	3[0-9]) 	4[0-9]) 	5[0-9]) 	6[0-9]) 	7[0-9]) 	8[0-9]) 	9[0-9]) 	10[0-9]) 	11[0-9])	12[0-9]) 	127	=IF(CONCAT(E18:Q18)="","",UNICHAR(34)&R18&" "&S18&" "&T18&" "&U18&UNICHAR(34)&" ) case "&UNICHAR(34)&"$data2"&UNICHAR(34)&" in ")	=IF(ISBLANK(E18),"",W18)	P=IF(ISBLANK(E18),"",LOOKUPP(E18,$Actions.$B$2:$Actions.$B$1123,$Actions.$D$2:$Actions.$D$1123)&";;  ")P	=IF(ISBLANK(F18),"",X18)	P=IF(ISBLANK(F18),"",LOOKUPP(F18,$Actions.$B$2:$Actions.$B$1123,$Actions.$D$2:$Actions.$D$1123)&";;  ")P	=IF(ISBLANK(G18),"",Y18)	P=IF(ISBLANK(G18),"",LOOKUPP(G18,$Actions.$B$2:$Actions.$B$1123,$Actions.$D$2:$Actions.$D$1123)&";;  ")P	=IF(ISBLANK(H18),"",Z18)	P=IF(ISBLANK(H18),"",LOOKUPP(H18,$Actions.$B$2:$Actions.$B$1123,$Actions.$D$2:$Actions.$D$1123)&";;  ")P	=IF(ISBLANK(I18),"",AA18)	P=IF(ISBLANK(I18),"",LOOKUPP(I18,$Actions.$B$2:$Actions.$B$1123,$Actions.$D$2:$Actions.$D$1123)&";;  ")P	=IF(ISBLANK(J18),"",AB18)	P=IF(ISBLANK(J18),"",LOOKUPP(J18,$Actions.$B$2:$Actions.$B$1123,$Actions.$D$2:$Actions.$D$1123)&";;  ")P	=IF(ISBLANK(K18),"",AC18)	P=IF(ISBLANK(K18),"",LOOKUPP(K18,$Actions.$B$2:$Actions.$B$1123,$Actions.$D$2:$Actions.$D$1123)&";;  ")P	=IF(ISBLANK(L18),"",AD18)	P=IF(ISBLANK(L18),"",LOOKUPP(L18,$Actions.$B$2:$Actions.$B$1123,$Actions.$D$2:$Actions.$D$1123)&";;  ")P	=IF(ISBLANK(M18),"",AE18)	P=IF(ISBLANK(M18),"",LOOKUPP(M18,$Actions.$B$2:$Actions.$B$1123,$Actions.$D$2:$Actions.$D$1123)&";;  ")P	=IF(ISBLANK(N18),"",AF18)	P=IF(ISBLANK(N18),"",LOOKUPP(N18,$Actions.$B$2:$Actions.$B$1123,$Actions.$D$2:$Actions.$D$1123)&";;  ")P	=IF(ISBLANK(O18),"",AG18)	P=IF(ISBLANK(O18),"",LOOKUPP(O18,$Actions.$B$2:$Actions.$B$1123,$Actions.$D$2:$Actions.$D$1123)&";;  ")P	P=IF(ISBLANK(PP18),"",AH18)P	P=IF(ISBLANK(PP18),"",LOOKUPP(PP18,$Actions.$B$2:$Actions.$B$1123,$Actions.$D$2:$Actions.$D$1123)&";;  ")P	=IF(ISBLANK(Q18),"",AI18)	P=IF(ISBLANK(Q18),"",LOOKUPP(Q18,$Actions.$B$2:$Actions.$B$1123,$Actions.$D$2:$Actions.$D$1123)&";;  ")P	=IF(CONCAT(E18:Q18)="","","esac ;;  "&UNICHAR(13)&UNICHAR(10))
		‚∏Ωùü†	‚∏Ωùü¥														0	Control	0	74	0	[1-9]) 	1[0-9])  	2[0-9]) 	3[0-9]) 	4[0-9]) 	5[0-9]) 	6[0-9]) 	7[0-9]) 	8[0-9]) 	9[0-9]) 	10[0-9]) 	11[0-9])	12[0-9]) 	127	=IF(CONCAT(E19:Q19)="","",UNICHAR(34)&R19&" "&S19&" "&T19&" "&U19&UNICHAR(34)&" ) case "&UNICHAR(34)&"$data2"&UNICHAR(34)&" in ")	=IF(ISBLANK(E19),"",W19)	P=IF(ISBLANK(E19),"",LOOKUPP(E19,$Actions.$B$2:$Actions.$B$1123,$Actions.$D$2:$Actions.$D$1123)&";;  ")P	=IF(ISBLANK(F19),"",X19)	P=IF(ISBLANK(F19),"",LOOKUPP(F19,$Actions.$B$2:$Actions.$B$1123,$Actions.$D$2:$Actions.$D$1123)&";;  ")P	=IF(ISBLANK(G19),"",Y19)	P=IF(ISBLANK(G19),"",LOOKUPP(G19,$Actions.$B$2:$Actions.$B$1123,$Actions.$D$2:$Actions.$D$1123)&";;  ")P	=IF(ISBLANK(H19),"",Z19)	P=IF(ISBLANK(H19),"",LOOKUPP(H19,$Actions.$B$2:$Actions.$B$1123,$Actions.$D$2:$Actions.$D$1123)&";;  ")P	=IF(ISBLANK(I19),"",AA19)	P=IF(ISBLANK(I19),"",LOOKUPP(I19,$Actions.$B$2:$Actions.$B$1123,$Actions.$D$2:$Actions.$D$1123)&";;  ")P	=IF(ISBLANK(J19),"",AB19)	P=IF(ISBLANK(J19),"",LOOKUPP(J19,$Actions.$B$2:$Actions.$B$1123,$Actions.$D$2:$Actions.$D$1123)&";;  ")P	=IF(ISBLANK(K19),"",AC19)	P=IF(ISBLANK(K19),"",LOOKUPP(K19,$Actions.$B$2:$Actions.$B$1123,$Actions.$D$2:$Actions.$D$1123)&";;  ")P	=IF(ISBLANK(L19),"",AD19)	P=IF(ISBLANK(L19),"",LOOKUPP(L19,$Actions.$B$2:$Actions.$B$1123,$Actions.$D$2:$Actions.$D$1123)&";;  ")P	=IF(ISBLANK(M19),"",AE19)	P=IF(ISBLANK(M19),"",LOOKUPP(M19,$Actions.$B$2:$Actions.$B$1123,$Actions.$D$2:$Actions.$D$1123)&";;  ")P	=IF(ISBLANK(N19),"",AF19)	P=IF(ISBLANK(N19),"",LOOKUPP(N19,$Actions.$B$2:$Actions.$B$1123,$Actions.$D$2:$Actions.$D$1123)&";;  ")P	=IF(ISBLANK(O19),"",AG19)	P=IF(ISBLANK(O19),"",LOOKUPP(O19,$Actions.$B$2:$Actions.$B$1123,$Actions.$D$2:$Actions.$D$1123)&";;  ")P	P=IF(ISBLANK(PP19),"",AH19)P	P=IF(ISBLANK(PP19),"",LOOKUPP(PP19,$Actions.$B$2:$Actions.$B$1123,$Actions.$D$2:$Actions.$D$1123)&";;  ")P	=IF(ISBLANK(Q19),"",AI19)	P=IF(ISBLANK(Q19),"",LOOKUPP(Q19,$Actions.$B$2:$Actions.$B$1123,$Actions.$D$2:$Actions.$D$1123)&";;  ")P	=IF(CONCAT(E19:Q19)="","","esac ;;  "&UNICHAR(13)&UNICHAR(10))
minicontrol	Volume	‚∏ΩùïÑ	‚∏Ωùó†	Volume Down	Volume 1	Volume 2	Volume 3	Volume 4	Volume 5	Volume 6	Volume 7	Volume 8	Volume 9	Volume 10	Volume 11	Volume 12	0	Control	0	1	0	[1-9]) 	1[0-9])  	2[0-9]) 	3[0-9]) 	4[0-9]) 	5[0-9]) 	6[0-9]) 	7[0-9]) 	8[0-9]) 	9[0-9]) 	10[0-9]) 	11[0-9])	12[0-9]) 	127	=IF(CONCAT(E20:Q20)="","",UNICHAR(34)&R20&" "&S20&" "&T20&" "&U20&UNICHAR(34)&" ) case "&UNICHAR(34)&"$data2"&UNICHAR(34)&" in ")	=IF(ISBLANK(E20),"",W20)	P=IF(ISBLANK(E20),"",LOOKUPP(E20,$Actions.$B$2:$Actions.$B$1123,$Actions.$D$2:$Actions.$D$1123)&";;  ")P	=IF(ISBLANK(F20),"",X20)	P=IF(ISBLANK(F20),"",LOOKUPP(F20,$Actions.$B$2:$Actions.$B$1123,$Actions.$D$2:$Actions.$D$1123)&";;  ")P	=IF(ISBLANK(G20),"",Y20)	P=IF(ISBLANK(G20),"",LOOKUPP(G20,$Actions.$B$2:$Actions.$B$1123,$Actions.$D$2:$Actions.$D$1123)&";;  ")P	=IF(ISBLANK(H20),"",Z20)	P=IF(ISBLANK(H20),"",LOOKUPP(H20,$Actions.$B$2:$Actions.$B$1123,$Actions.$D$2:$Actions.$D$1123)&";;  ")P	=IF(ISBLANK(I20),"",AA20)	P=IF(ISBLANK(I20),"",LOOKUPP(I20,$Actions.$B$2:$Actions.$B$1123,$Actions.$D$2:$Actions.$D$1123)&";;  ")P	=IF(ISBLANK(J20),"",AB20)	P=IF(ISBLANK(J20),"",LOOKUPP(J20,$Actions.$B$2:$Actions.$B$1123,$Actions.$D$2:$Actions.$D$1123)&";;  ")P	=IF(ISBLANK(K20),"",AC20)	P=IF(ISBLANK(K20),"",LOOKUPP(K20,$Actions.$B$2:$Actions.$B$1123,$Actions.$D$2:$Actions.$D$1123)&";;  ")P	=IF(ISBLANK(L20),"",AD20)	P=IF(ISBLANK(L20),"",LOOKUPP(L20,$Actions.$B$2:$Actions.$B$1123,$Actions.$D$2:$Actions.$D$1123)&";;  ")P	=IF(ISBLANK(M20),"",AE20)	P=IF(ISBLANK(M20),"",LOOKUPP(M20,$Actions.$B$2:$Actions.$B$1123,$Actions.$D$2:$Actions.$D$1123)&";;  ")P	=IF(ISBLANK(N20),"",AF20)	P=IF(ISBLANK(N20),"",LOOKUPP(N20,$Actions.$B$2:$Actions.$B$1123,$Actions.$D$2:$Actions.$D$1123)&";;  ")P	=IF(ISBLANK(O20),"",AG20)	P=IF(ISBLANK(O20),"",LOOKUPP(O20,$Actions.$B$2:$Actions.$B$1123,$Actions.$D$2:$Actions.$D$1123)&";;  ")P	P=IF(ISBLANK(PP20),"",AH20)P	P=IF(ISBLANK(PP20),"",LOOKUPP(PP20,$Actions.$B$2:$Actions.$B$1123,$Actions.$D$2:$Actions.$D$1123)&";;  ")P	=IF(ISBLANK(Q20),"",AI20)	P=IF(ISBLANK(Q20),"",LOOKUPP(Q20,$Actions.$B$2:$Actions.$B$1123,$Actions.$D$2:$Actions.$D$1123)&";;  ")P	=IF(CONCAT(E20:Q20)="","","esac ;;  "&UNICHAR(13)&UNICHAR(10))
AKAI	Keys	‚∏Ωùïä	‚∏Ωùó¶													Undo	0	Control	0	64	0	[1-9]) 	1[0-9])  	2[0-9]) 	3[0-9]) 	4[0-9]) 	5[0-9]) 	6[0-9]) 	7[0-9]) 	8[0-9]) 	9[0-9]) 	10[0-9]) 	11[0-9])	12[0-9]) 	127	=IF(CONCAT(E21:Q21)="","",UNICHAR(34)&R21&" "&S21&" "&T21&" "&U21&UNICHAR(34)&" ) case "&UNICHAR(34)&"$data2"&UNICHAR(34)&" in ")	=IF(ISBLANK(E21),"",W21)	P=IF(ISBLANK(E21),"",LOOKUPP(E21,$Actions.$B$2:$Actions.$B$1123,$Actions.$D$2:$Actions.$D$1123)&";;  ")P	=IF(ISBLANK(F21),"",X21)	P=IF(ISBLANK(F21),"",LOOKUPP(F21,$Actions.$B$2:$Actions.$B$1123,$Actions.$D$2:$Actions.$D$1123)&";;  ")P	=IF(ISBLANK(G21),"",Y21)	P=IF(ISBLANK(G21),"",LOOKUPP(G21,$Actions.$B$2:$Actions.$B$1123,$Actions.$D$2:$Actions.$D$1123)&";;  ")P	=IF(ISBLANK(H21),"",Z21)	P=IF(ISBLANK(H21),"",LOOKUPP(H21,$Actions.$B$2:$Actions.$B$1123,$Actions.$D$2:$Actions.$D$1123)&";;  ")P	=IF(ISBLANK(I21),"",AA21)	P=IF(ISBLANK(I21),"",LOOKUPP(I21,$Actions.$B$2:$Actions.$B$1123,$Actions.$D$2:$Actions.$D$1123)&";;  ")P	=IF(ISBLANK(J21),"",AB21)	P=IF(ISBLANK(J21),"",LOOKUPP(J21,$Actions.$B$2:$Actions.$B$1123,$Actions.$D$2:$Actions.$D$1123)&";;  ")P	=IF(ISBLANK(K21),"",AC21)	P=IF(ISBLANK(K21),"",LOOKUPP(K21,$Actions.$B$2:$Actions.$B$1123,$Actions.$D$2:$Actions.$D$1123)&";;  ")P	=IF(ISBLANK(L21),"",AD21)	P=IF(ISBLANK(L21),"",LOOKUPP(L21,$Actions.$B$2:$Actions.$B$1123,$Actions.$D$2:$Actions.$D$1123)&";;  ")P	=IF(ISBLANK(M21),"",AE21)	P=IF(ISBLANK(M21),"",LOOKUPP(M21,$Actions.$B$2:$Actions.$B$1123,$Actions.$D$2:$Actions.$D$1123)&";;  ")P	=IF(ISBLANK(N21),"",AF21)	P=IF(ISBLANK(N21),"",LOOKUPP(N21,$Actions.$B$2:$Actions.$B$1123,$Actions.$D$2:$Actions.$D$1123)&";;  ")P	=IF(ISBLANK(O21),"",AG21)	P=IF(ISBLANK(O21),"",LOOKUPP(O21,$Actions.$B$2:$Actions.$B$1123,$Actions.$D$2:$Actions.$D$1123)&";;  ")P	P=IF(ISBLANK(PP21),"",AH21)P	P=IF(ISBLANK(PP21),"",LOOKUPP(PP21,$Actions.$B$2:$Actions.$B$1123,$Actions.$D$2:$Actions.$D$1123)&";;  ")P	=IF(ISBLANK(Q21),"",AI21)	P=IF(ISBLANK(Q21),"",LOOKUPP(Q21,$Actions.$B$2:$Actions.$B$1123,$Actions.$D$2:$Actions.$D$1123)&";;  ")P	=IF(CONCAT(E21:Q21)="","","esac ;;  "&UNICHAR(13)&UNICHAR(10))
PAPPC KEY 25P	Mouse X	‚ë†	‚ù∂	Mouse Right												Mouse Left	1	Control	0	48	0	[0-9]) 	1[0-9])  	2[0-9]) 	3[0-9]) 	4[0-9]) 	5[0-9]) 	6[0-9]) 	7[0-9]) 	8[0-9]) 	9[0-9]) 	10[0-9]) 	11[0-9])	1[1-2][0-9])	127	=IF(CONCAT(E22:Q22)="","",UNICHAR(34)&R22&" "&S22&" "&T22&" "&U22&UNICHAR(34)&" ) case "&UNICHAR(34)&"$data2"&UNICHAR(34)&" in ")	=IF(ISBLANK(E22),"",W22)	P=IF(ISBLANK(E22),"",LOOKUPP(E22,$Actions.$B$2:$Actions.$B$1123,$Actions.$D$2:$Actions.$D$1123)&";;  ")P	=IF(ISBLANK(F22),"",X22)	P=IF(ISBLANK(F22),"",LOOKUPP(F22,$Actions.$B$2:$Actions.$B$1123,$Actions.$D$2:$Actions.$D$1123)&";;  ")P	=IF(ISBLANK(G22),"",Y22)	P=IF(ISBLANK(G22),"",LOOKUPP(G22,$Actions.$B$2:$Actions.$B$1123,$Actions.$D$2:$Actions.$D$1123)&";;  ")P	=IF(ISBLANK(H22),"",Z22)	P=IF(ISBLANK(H22),"",LOOKUPP(H22,$Actions.$B$2:$Actions.$B$1123,$Actions.$D$2:$Actions.$D$1123)&";;  ")P	=IF(ISBLANK(I22),"",AA22)	P=IF(ISBLANK(I22),"",LOOKUPP(I22,$Actions.$B$2:$Actions.$B$1123,$Actions.$D$2:$Actions.$D$1123)&";;  ")P	=IF(ISBLANK(J22),"",AB22)	P=IF(ISBLANK(J22),"",LOOKUPP(J22,$Actions.$B$2:$Actions.$B$1123,$Actions.$D$2:$Actions.$D$1123)&";;  ")P	=IF(ISBLANK(K22),"",AC22)	P=IF(ISBLANK(K22),"",LOOKUPP(K22,$Actions.$B$2:$Actions.$B$1123,$Actions.$D$2:$Actions.$D$1123)&";;  ")P	=IF(ISBLANK(L22),"",AD22)	P=IF(ISBLANK(L22),"",LOOKUPP(L22,$Actions.$B$2:$Actions.$B$1123,$Actions.$D$2:$Actions.$D$1123)&";;  ")P	=IF(ISBLANK(M22),"",AE22)	P=IF(ISBLANK(M22),"",LOOKUPP(M22,$Actions.$B$2:$Actions.$B$1123,$Actions.$D$2:$Actions.$D$1123)&";;  ")P	=IF(ISBLANK(N22),"",AF22)	P=IF(ISBLANK(N22),"",LOOKUPP(N22,$Actions.$B$2:$Actions.$B$1123,$Actions.$D$2:$Actions.$D$1123)&";;  ")P	=IF(ISBLANK(O22),"",AG22)	P=IF(ISBLANK(O22),"",LOOKUPP(O22,$Actions.$B$2:$Actions.$B$1123,$Actions.$D$2:$Actions.$D$1123)&";;  ")P	P=IF(ISBLANK(PP22),"",AH22)P	P=IF(ISBLANK(PP22),"",LOOKUPP(PP22,$Actions.$B$2:$Actions.$B$1123,$Actions.$D$2:$Actions.$D$1123)&";;  ")P	=IF(ISBLANK(Q22),"",AI22)	P=IF(ISBLANK(Q22),"",LOOKUPP(Q22,$Actions.$B$2:$Actions.$B$1123,$Actions.$D$2:$Actions.$D$1123)&";;  ")P	=IF(CONCAT(E22:Q22)="","","esac ;;  "&UNICHAR(13)&UNICHAR(10))
AKAI	Mouse Y	‚ë°	‚ù∑	Mouse Down												Mouse Up	1	Control	0	49	0	[0-9]) 	1[0-9])  	2[0-9]) 	3[0-9]) 	4[0-9]) 	5[0-9]) 	6[0-9]) 	7[0-9]) 	8[0-9]) 	9[0-9]) 	10[0-9]) 	11[0-9])	1[1-2][0-9])	127	=IF(CONCAT(E23:Q23)="","",UNICHAR(34)&R23&" "&S23&" "&T23&" "&U23&UNICHAR(34)&" ) case "&UNICHAR(34)&"$data2"&UNICHAR(34)&" in ")	=IF(ISBLANK(E23),"",W23)	P=IF(ISBLANK(E23),"",LOOKUPP(E23,$Actions.$B$2:$Actions.$B$1123,$Actions.$D$2:$Actions.$D$1123)&";;  ")P	=IF(ISBLANK(F23),"",X23)	P=IF(ISBLANK(F23),"",LOOKUPP(F23,$Actions.$B$2:$Actions.$B$1123,$Actions.$D$2:$Actions.$D$1123)&";;  ")P	=IF(ISBLANK(G23),"",Y23)	P=IF(ISBLANK(G23),"",LOOKUPP(G23,$Actions.$B$2:$Actions.$B$1123,$Actions.$D$2:$Actions.$D$1123)&";;  ")P	=IF(ISBLANK(H23),"",Z23)	P=IF(ISBLANK(H23),"",LOOKUPP(H23,$Actions.$B$2:$Actions.$B$1123,$Actions.$D$2:$Actions.$D$1123)&";;  ")P	=IF(ISBLANK(I23),"",AA23)	P=IF(ISBLANK(I23),"",LOOKUPP(I23,$Actions.$B$2:$Actions.$B$1123,$Actions.$D$2:$Actions.$D$1123)&";;  ")P	=IF(ISBLANK(J23),"",AB23)	P=IF(ISBLANK(J23),"",LOOKUPP(J23,$Actions.$B$2:$Actions.$B$1123,$Actions.$D$2:$Actions.$D$1123)&";;  ")P	=IF(ISBLANK(K23),"",AC23)	P=IF(ISBLANK(K23),"",LOOKUPP(K23,$Actions.$B$2:$Actions.$B$1123,$Actions.$D$2:$Actions.$D$1123)&";;  ")P	=IF(ISBLANK(L23),"",AD23)	P=IF(ISBLANK(L23),"",LOOKUPP(L23,$Actions.$B$2:$Actions.$B$1123,$Actions.$D$2:$Actions.$D$1123)&";;  ")P	=IF(ISBLANK(M23),"",AE23)	P=IF(ISBLANK(M23),"",LOOKUPP(M23,$Actions.$B$2:$Actions.$B$1123,$Actions.$D$2:$Actions.$D$1123)&";;  ")P	=IF(ISBLANK(N23),"",AF23)	P=IF(ISBLANK(N23),"",LOOKUPP(N23,$Actions.$B$2:$Actions.$B$1123,$Actions.$D$2:$Actions.$D$1123)&";;  ")P	=IF(ISBLANK(O23),"",AG23)	P=IF(ISBLANK(O23),"",LOOKUPP(O23,$Actions.$B$2:$Actions.$B$1123,$Actions.$D$2:$Actions.$D$1123)&";;  ")P	P=IF(ISBLANK(PP23),"",AH23)P	P=IF(ISBLANK(PP23),"",LOOKUPP(PP23,$Actions.$B$2:$Actions.$B$1123,$Actions.$D$2:$Actions.$D$1123)&";;  ")P	=IF(ISBLANK(Q23),"",AI23)	P=IF(ISBLANK(Q23),"",LOOKUPP(Q23,$Actions.$B$2:$Actions.$B$1123,$Actions.$D$2:$Actions.$D$1123)&";;  ")P	=IF(CONCAT(E23:Q23)="","","esac ;;  "&UNICHAR(13)&UNICHAR(10))
AKAI	Zoom	‚ë¢	‚ù∏	Zoom In												Zoom Out	1	Control	0	50	0	[0-9]) 	1[0-9])  	2[0-9]) 	3[0-9]) 	4[0-9]) 	5[0-9]) 	6[0-9]) 	7[0-9]) 	8[0-9]) 	9[0-9]) 	10[0-9]) 	11[0-9])	1[1-2][0-9])	127	=IF(CONCAT(E24:Q24)="","",UNICHAR(34)&R24&" "&S24&" "&T24&" "&U24&UNICHAR(34)&" ) case "&UNICHAR(34)&"$data2"&UNICHAR(34)&" in ")	=IF(ISBLANK(E24),"",W24)	P=IF(ISBLANK(E24),"",LOOKUPP(E24,$Actions.$B$2:$Actions.$B$1123,$Actions.$D$2:$Actions.$D$1123)&";;  ")P	=IF(ISBLANK(F24),"",X24)	P=IF(ISBLANK(F24),"",LOOKUPP(F24,$Actions.$B$2:$Actions.$B$1123,$Actions.$D$2:$Actions.$D$1123)&";;  ")P	=IF(ISBLANK(G24),"",Y24)	P=IF(ISBLANK(G24),"",LOOKUPP(G24,$Actions.$B$2:$Actions.$B$1123,$Actions.$D$2:$Actions.$D$1123)&";;  ")P	=IF(ISBLANK(H24),"",Z24)	P=IF(ISBLANK(H24),"",LOOKUPP(H24,$Actions.$B$2:$Actions.$B$1123,$Actions.$D$2:$Actions.$D$1123)&";;  ")P	=IF(ISBLANK(I24),"",AA24)	P=IF(ISBLANK(I24),"",LOOKUPP(I24,$Actions.$B$2:$Actions.$B$1123,$Actions.$D$2:$Actions.$D$1123)&";;  ")P	=IF(ISBLANK(J24),"",AB24)	P=IF(ISBLANK(J24),"",LOOKUPP(J24,$Actions.$B$2:$Actions.$B$1123,$Actions.$D$2:$Actions.$D$1123)&";;  ")P	=IF(ISBLANK(K24),"",AC24)	P=IF(ISBLANK(K24),"",LOOKUPP(K24,$Actions.$B$2:$Actions.$B$1123,$Actions.$D$2:$Actions.$D$1123)&";;  ")P	=IF(ISBLANK(L24),"",AD24)	P=IF(ISBLANK(L24),"",LOOKUPP(L24,$Actions.$B$2:$Actions.$B$1123,$Actions.$D$2:$Actions.$D$1123)&";;  ")P	=IF(ISBLANK(M24),"",AE24)	P=IF(ISBLANK(M24),"",LOOKUPP(M24,$Actions.$B$2:$Actions.$B$1123,$Actions.$D$2:$Actions.$D$1123)&";;  ")P	=IF(ISBLANK(N24),"",AF24)	P=IF(ISBLANK(N24),"",LOOKUPP(N24,$Actions.$B$2:$Actions.$B$1123,$Actions.$D$2:$Actions.$D$1123)&";;  ")P	=IF(ISBLANK(O24),"",AG24)	P=IF(ISBLANK(O24),"",LOOKUPP(O24,$Actions.$B$2:$Actions.$B$1123,$Actions.$D$2:$Actions.$D$1123)&";;  ")P	P=IF(ISBLANK(PP24),"",AH24)P	P=IF(ISBLANK(PP24),"",LOOKUPP(PP24,$Actions.$B$2:$Actions.$B$1123,$Actions.$D$2:$Actions.$D$1123)&";;  ")P	=IF(ISBLANK(Q24),"",AI24)	P=IF(ISBLANK(Q24),"",LOOKUPP(Q24,$Actions.$B$2:$Actions.$B$1123,$Actions.$D$2:$Actions.$D$1123)&";;  ")P	=IF(CONCAT(E24:Q24)="","","esac ;;  "&UNICHAR(13)&UNICHAR(10))
AKAI	Volume	‚ë£	‚ùπ	Volume Up												Volume Down	1	Control	0	51	0	[0-9]) 	1[0-9])  	2[0-9]) 	3[0-9]) 	4[0-9]) 	5[0-9]) 	6[0-9]) 	7[0-9]) 	8[0-9]) 	9[0-9]) 	10[0-9]) 	11[0-9])	1[1-2][0-9])	127	=IF(CONCAT(E25:Q25)="","",UNICHAR(34)&R25&" "&S25&" "&T25&" "&U25&UNICHAR(34)&" ) case "&UNICHAR(34)&"$data2"&UNICHAR(34)&" in ")	=IF(ISBLANK(E25),"",W25)	P=IF(ISBLANK(E25),"",LOOKUPP(E25,$Actions.$B$2:$Actions.$B$1123,$Actions.$D$2:$Actions.$D$1123)&";;  ")P	=IF(ISBLANK(F25),"",X25)	P=IF(ISBLANK(F25),"",LOOKUPP(F25,$Actions.$B$2:$Actions.$B$1123,$Actions.$D$2:$Actions.$D$1123)&";;  ")P	=IF(ISBLANK(G25),"",Y25)	P=IF(ISBLANK(G25),"",LOOKUPP(G25,$Actions.$B$2:$Actions.$B$1123,$Actions.$D$2:$Actions.$D$1123)&";;  ")P	=IF(ISBLANK(H25),"",Z25)	P=IF(ISBLANK(H25),"",LOOKUPP(H25,$Actions.$B$2:$Actions.$B$1123,$Actions.$D$2:$Actions.$D$1123)&";;  ")P	=IF(ISBLANK(I25),"",AA25)	P=IF(ISBLANK(I25),"",LOOKUPP(I25,$Actions.$B$2:$Actions.$B$1123,$Actions.$D$2:$Actions.$D$1123)&";;  ")P	=IF(ISBLANK(J25),"",AB25)	P=IF(ISBLANK(J25),"",LOOKUPP(J25,$Actions.$B$2:$Actions.$B$1123,$Actions.$D$2:$Actions.$D$1123)&";;  ")P	=IF(ISBLANK(K25),"",AC25)	P=IF(ISBLANK(K25),"",LOOKUPP(K25,$Actions.$B$2:$Actions.$B$1123,$Actions.$D$2:$Actions.$D$1123)&";;  ")P	=IF(ISBLANK(L25),"",AD25)	P=IF(ISBLANK(L25),"",LOOKUPP(L25,$Actions.$B$2:$Actions.$B$1123,$Actions.$D$2:$Actions.$D$1123)&";;  ")P	=IF(ISBLANK(M25),"",AE25)	P=IF(ISBLANK(M25),"",LOOKUPP(M25,$Actions.$B$2:$Actions.$B$1123,$Actions.$D$2:$Actions.$D$1123)&";;  ")P	=IF(ISBLANK(N25),"",AF25)	P=IF(ISBLANK(N25),"",LOOKUPP(N25,$Actions.$B$2:$Actions.$B$1123,$Actions.$D$2:$Actions.$D$1123)&";;  ")P	=IF(ISBLANK(O25),"",AG25)	P=IF(ISBLANK(O25),"",LOOKUPP(O25,$Actions.$B$2:$Actions.$B$1123,$Actions.$D$2:$Actions.$D$1123)&";;  ")P	P=IF(ISBLANK(PP25),"",AH25)P	P=IF(ISBLANK(PP25),"",LOOKUPP(PP25,$Actions.$B$2:$Actions.$B$1123,$Actions.$D$2:$Actions.$D$1123)&";;  ")P	=IF(ISBLANK(Q25),"",AI25)	P=IF(ISBLANK(Q25),"",LOOKUPP(Q25,$Actions.$B$2:$Actions.$B$1123,$Actions.$D$2:$Actions.$D$1123)&";;  ")P	=IF(CONCAT(E25:Q25)="","","esac ;;  "&UNICHAR(13)&UNICHAR(10))
AKAI	Left | Right	‚ë§	‚ù∫	Right												Left	1	Control	0	52	0	[0-9]) 	1[0-9])  	2[0-9]) 	3[0-9]) 	4[0-9]) 	5[0-9]) 	6[0-9]) 	7[0-9]) 	8[0-9]) 	9[0-9]) 	10[0-9]) 	11[0-9])	1[1-2][0-9])	127	=IF(CONCAT(E26:Q26)="","",UNICHAR(34)&R26&" "&S26&" "&T26&" "&U26&UNICHAR(34)&" ) case "&UNICHAR(34)&"$data2"&UNICHAR(34)&" in ")	=IF(ISBLANK(E26),"",W26)	P=IF(ISBLANK(E26),"",LOOKUPP(E26,$Actions.$B$2:$Actions.$B$1123,$Actions.$D$2:$Actions.$D$1123)&";;  ")P	=IF(ISBLANK(F26),"",X26)	P=IF(ISBLANK(F26),"",LOOKUPP(F26,$Actions.$B$2:$Actions.$B$1123,$Actions.$D$2:$Actions.$D$1123)&";;  ")P	=IF(ISBLANK(G26),"",Y26)	P=IF(ISBLANK(G26),"",LOOKUPP(G26,$Actions.$B$2:$Actions.$B$1123,$Actions.$D$2:$Actions.$D$1123)&";;  ")P	=IF(ISBLANK(H26),"",Z26)	P=IF(ISBLANK(H26),"",LOOKUPP(H26,$Actions.$B$2:$Actions.$B$1123,$Actions.$D$2:$Actions.$D$1123)&";;  ")P	=IF(ISBLANK(I26),"",AA26)	P=IF(ISBLANK(I26),"",LOOKUPP(I26,$Actions.$B$2:$Actions.$B$1123,$Actions.$D$2:$Actions.$D$1123)&";;  ")P	=IF(ISBLANK(J26),"",AB26)	P=IF(ISBLANK(J26),"",LOOKUPP(J26,$Actions.$B$2:$Actions.$B$1123,$Actions.$D$2:$Actions.$D$1123)&";;  ")P	=IF(ISBLANK(K26),"",AC26)	P=IF(ISBLANK(K26),"",LOOKUPP(K26,$Actions.$B$2:$Actions.$B$1123,$Actions.$D$2:$Actions.$D$1123)&";;  ")P	=IF(ISBLANK(L26),"",AD26)	P=IF(ISBLANK(L26),"",LOOKUPP(L26,$Actions.$B$2:$Actions.$B$1123,$Actions.$D$2:$Actions.$D$1123)&";;  ")P	=IF(ISBLANK(M26),"",AE26)	P=IF(ISBLANK(M26),"",LOOKUPP(M26,$Actions.$B$2:$Actions.$B$1123,$Actions.$D$2:$Actions.$D$1123)&";;  ")P	=IF(ISBLANK(N26),"",AF26)	P=IF(ISBLANK(N26),"",LOOKUPP(N26,$Actions.$B$2:$Actions.$B$1123,$Actions.$D$2:$Actions.$D$1123)&";;  ")P	=IF(ISBLANK(O26),"",AG26)	P=IF(ISBLANK(O26),"",LOOKUPP(O26,$Actions.$B$2:$Actions.$B$1123,$Actions.$D$2:$Actions.$D$1123)&";;  ")P	P=IF(ISBLANK(PP26),"",AH26)P	P=IF(ISBLANK(PP26),"",LOOKUPP(PP26,$Actions.$B$2:$Actions.$B$1123,$Actions.$D$2:$Actions.$D$1123)&";;  ")P	=IF(ISBLANK(Q26),"",AI26)	P=IF(ISBLANK(Q26),"",LOOKUPP(Q26,$Actions.$B$2:$Actions.$B$1123,$Actions.$D$2:$Actions.$D$1123)&";;  ")P	=IF(CONCAT(E26:Q26)="","","esac ;;  "&UNICHAR(13)&UNICHAR(10))
AKAI	Down | Up	‚ë•	‚ùª	Down												Up	1	Control	0	53	0	[0-9]) 	1[0-9])  	2[0-9]) 	3[0-9]) 	4[0-9]) 	5[0-9]) 	6[0-9]) 	7[0-9]) 	8[0-9]) 	9[0-9]) 	10[0-9]) 	11[0-9])	1[1-2][0-9])	127	=IF(CONCAT(E27:Q27)="","",UNICHAR(34)&R27&" "&S27&" "&T27&" "&U27&UNICHAR(34)&" ) case "&UNICHAR(34)&"$data2"&UNICHAR(34)&" in ")	=IF(ISBLANK(E27),"",W27)	P=IF(ISBLANK(E27),"",LOOKUPP(E27,$Actions.$B$2:$Actions.$B$1123,$Actions.$D$2:$Actions.$D$1123)&";;  ")P	=IF(ISBLANK(F27),"",X27)	P=IF(ISBLANK(F27),"",LOOKUPP(F27,$Actions.$B$2:$Actions.$B$1123,$Actions.$D$2:$Actions.$D$1123)&";;  ")P	=IF(ISBLANK(G27),"",Y27)	P=IF(ISBLANK(G27),"",LOOKUPP(G27,$Actions.$B$2:$Actions.$B$1123,$Actions.$D$2:$Actions.$D$1123)&";;  ")P	=IF(ISBLANK(H27),"",Z27)	P=IF(ISBLANK(H27),"",LOOKUPP(H27,$Actions.$B$2:$Actions.$B$1123,$Actions.$D$2:$Actions.$D$1123)&";;  ")P	=IF(ISBLANK(I27),"",AA27)	P=IF(ISBLANK(I27),"",LOOKUPP(I27,$Actions.$B$2:$Actions.$B$1123,$Actions.$D$2:$Actions.$D$1123)&";;  ")P	=IF(ISBLANK(J27),"",AB27)	P=IF(ISBLANK(J27),"",LOOKUPP(J27,$Actions.$B$2:$Actions.$B$1123,$Actions.$D$2:$Actions.$D$1123)&";;  ")P	=IF(ISBLANK(K27),"",AC27)	P=IF(ISBLANK(K27),"",LOOKUPP(K27,$Actions.$B$2:$Actions.$B$1123,$Actions.$D$2:$Actions.$D$1123)&";;  ")P	=IF(ISBLANK(L27),"",AD27)	P=IF(ISBLANK(L27),"",LOOKUPP(L27,$Actions.$B$2:$Actions.$B$1123,$Actions.$D$2:$Actions.$D$1123)&";;  ")P	=IF(ISBLANK(M27),"",AE27)	P=IF(ISBLANK(M27),"",LOOKUPP(M27,$Actions.$B$2:$Actions.$B$1123,$Actions.$D$2:$Actions.$D$1123)&";;  ")P	=IF(ISBLANK(N27),"",AF27)	P=IF(ISBLANK(N27),"",LOOKUPP(N27,$Actions.$B$2:$Actions.$B$1123,$Actions.$D$2:$Actions.$D$1123)&";;  ")P	=IF(ISBLANK(O27),"",AG27)	P=IF(ISBLANK(O27),"",LOOKUPP(O27,$Actions.$B$2:$Actions.$B$1123,$Actions.$D$2:$Actions.$D$1123)&";;  ")P	P=IF(ISBLANK(PP27),"",AH27)P	P=IF(ISBLANK(PP27),"",LOOKUPP(PP27,$Actions.$B$2:$Actions.$B$1123,$Actions.$D$2:$Actions.$D$1123)&";;  ")P	=IF(ISBLANK(Q27),"",AI27)	P=IF(ISBLANK(Q27),"",LOOKUPP(Q27,$Actions.$B$2:$Actions.$B$1123,$Actions.$D$2:$Actions.$D$1123)&";;  ")P	=IF(CONCAT(E27:Q27)="","","esac ;;  "&UNICHAR(13)&UNICHAR(10))
AKAI		‚ë¶	‚ùº														1	Control	0	54	0	[0-9]) 	1[0-9])  	2[0-9]) 	3[0-9]) 	4[0-9]) 	5[0-9]) 	6[0-9]) 	7[0-9]) 	8[0-9]) 	9[0-9]) 	10[0-9]) 	11[0-9])	1[1-2][0-9])	127	=IF(CONCAT(E28:Q28)="","",UNICHAR(34)&R28&" "&S28&" "&T28&" "&U28&UNICHAR(34)&" ) case "&UNICHAR(34)&"$data2"&UNICHAR(34)&" in ")	=IF(ISBLANK(E28),"",W28)	P=IF(ISBLANK(E28),"",LOOKUPP(E28,$Actions.$B$2:$Actions.$B$1123,$Actions.$D$2:$Actions.$D$1123)&";;  ")P	=IF(ISBLANK(F28),"",X28)	P=IF(ISBLANK(F28),"",LOOKUPP(F28,$Actions.$B$2:$Actions.$B$1123,$Actions.$D$2:$Actions.$D$1123)&";;  ")P	=IF(ISBLANK(G28),"",Y28)	P=IF(ISBLANK(G28),"",LOOKUPP(G28,$Actions.$B$2:$Actions.$B$1123,$Actions.$D$2:$Actions.$D$1123)&";;  ")P	=IF(ISBLANK(H28),"",Z28)	P=IF(ISBLANK(H28),"",LOOKUPP(H28,$Actions.$B$2:$Actions.$B$1123,$Actions.$D$2:$Actions.$D$1123)&";;  ")P	=IF(ISBLANK(I28),"",AA28)	P=IF(ISBLANK(I28),"",LOOKUPP(I28,$Actions.$B$2:$Actions.$B$1123,$Actions.$D$2:$Actions.$D$1123)&";;  ")P	=IF(ISBLANK(J28),"",AB28)	P=IF(ISBLANK(J28),"",LOOKUPP(J28,$Actions.$B$2:$Actions.$B$1123,$Actions.$D$2:$Actions.$D$1123)&";;  ")P	=IF(ISBLANK(K28),"",AC28)	P=IF(ISBLANK(K28),"",LOOKUPP(K28,$Actions.$B$2:$Actions.$B$1123,$Actions.$D$2:$Actions.$D$1123)&";;  ")P	=IF(ISBLANK(L28),"",AD28)	P=IF(ISBLANK(L28),"",LOOKUPP(L28,$Actions.$B$2:$Actions.$B$1123,$Actions.$D$2:$Actions.$D$1123)&";;  ")P	=IF(ISBLANK(M28),"",AE28)	P=IF(ISBLANK(M28),"",LOOKUPP(M28,$Actions.$B$2:$Actions.$B$1123,$Actions.$D$2:$Actions.$D$1123)&";;  ")P	=IF(ISBLANK(N28),"",AF28)	P=IF(ISBLANK(N28),"",LOOKUPP(N28,$Actions.$B$2:$Actions.$B$1123,$Actions.$D$2:$Actions.$D$1123)&";;  ")P	=IF(ISBLANK(O28),"",AG28)	P=IF(ISBLANK(O28),"",LOOKUPP(O28,$Actions.$B$2:$Actions.$B$1123,$Actions.$D$2:$Actions.$D$1123)&";;  ")P	P=IF(ISBLANK(PP28),"",AH28)P	P=IF(ISBLANK(PP28),"",LOOKUPP(PP28,$Actions.$B$2:$Actions.$B$1123,$Actions.$D$2:$Actions.$D$1123)&";;  ")P	=IF(ISBLANK(Q28),"",AI28)	P=IF(ISBLANK(Q28),"",LOOKUPP(Q28,$Actions.$B$2:$Actions.$B$1123,$Actions.$D$2:$Actions.$D$1123)&";;  ")P	=IF(CONCAT(E28:Q28)="","","esac ;;  "&UNICHAR(13)&UNICHAR(10))
AKAI	Win Tab	‚ëß	‚ùΩ	Next Tab												PPPrev TabP	1	Control	0	55	0	[0-9]) 	1[0-9])  	2[0-9]) 	3[0-9]) 	4[0-9]) 	5[0-9]) 	6[0-9]) 	7[0-9]) 	8[0-9]) 	9[0-9]) 	10[0-9]) 	11[0-9])	1[1-2][0-9])	127	=IF(CONCAT(E29:Q29)="","",UNICHAR(34)&R29&" "&S29&" "&T29&" "&U29&UNICHAR(34)&" ) case "&UNICHAR(34)&"$data2"&UNICHAR(34)&" in ")	=IF(ISBLANK(E29),"",W29)	P=IF(ISBLANK(E29),"",LOOKUPP(E29,$Actions.$B$2:$Actions.$B$1123,$Actions.$D$2:$Actions.$D$1123)&";;  ")P	=IF(ISBLANK(F29),"",X29)	P=IF(ISBLANK(F29),"",LOOKUPP(F29,$Actions.$B$2:$Actions.$B$1123,$Actions.$D$2:$Actions.$D$1123)&";;  ")P	=IF(ISBLANK(G29),"",Y29)	P=IF(ISBLANK(G29),"",LOOKUPP(G29,$Actions.$B$2:$Actions.$B$1123,$Actions.$D$2:$Actions.$D$1123)&";;  ")P	=IF(ISBLANK(H29),"",Z29)	P=IF(ISBLANK(H29),"",LOOKUPP(H29,$Actions.$B$2:$Actions.$B$1123,$Actions.$D$2:$Actions.$D$1123)&";;  ")P	=IF(ISBLANK(I29),"",AA29)	P=IF(ISBLANK(I29),"",LOOKUPP(I29,$Actions.$B$2:$Actions.$B$1123,$Actions.$D$2:$Actions.$D$1123)&";;  ")P	=IF(ISBLANK(J29),"",AB29)	P=IF(ISBLANK(J29),"",LOOKUPP(J29,$Actions.$B$2:$Actions.$B$1123,$Actions.$D$2:$Actions.$D$1123)&";;  ")P	=IF(ISBLANK(K29),"",AC29)	P=IF(ISBLANK(K29),"",LOOKUPP(K29,$Actions.$B$2:$Actions.$B$1123,$Actions.$D$2:$Actions.$D$1123)&";;  ")P	=IF(ISBLANK(L29),"",AD29)	P=IF(ISBLANK(L29),"",LOOKUPP(L29,$Actions.$B$2:$Actions.$B$1123,$Actions.$D$2:$Actions.$D$1123)&";;  ")P	=IF(ISBLANK(M29),"",AE29)	P=IF(ISBLANK(M29),"",LOOKUPP(M29,$Actions.$B$2:$Actions.$B$1123,$Actions.$D$2:$Actions.$D$1123)&";;  ")P	=IF(ISBLANK(N29),"",AF29)	P=IF(ISBLANK(N29),"",LOOKUPP(N29,$Actions.$B$2:$Actions.$B$1123,$Actions.$D$2:$Actions.$D$1123)&";;  ")P	=IF(ISBLANK(O29),"",AG29)	P=IF(ISBLANK(O29),"",LOOKUPP(O29,$Actions.$B$2:$Actions.$B$1123,$Actions.$D$2:$Actions.$D$1123)&";;  ")P	P=IF(ISBLANK(PP29),"",AH29)P	P=IF(ISBLANK(PP29),"",LOOKUPP(PP29,$Actions.$B$2:$Actions.$B$1123,$Actions.$D$2:$Actions.$D$1123)&";;  ")P	=IF(ISBLANK(Q29),"",AI29)	P=IF(ISBLANK(Q29),"",LOOKUPP(Q29,$Actions.$B$2:$Actions.$B$1123,$Actions.$D$2:$Actions.$D$1123)&";;  ")P	=IF(CONCAT(E29:Q29)="","","esac ;;  "&UNICHAR(13)&UNICHAR(10))
