		Actions			Pad Detect				Touch Sensitivity					|<--	Output						-->|		
	Name	Tap (V 1-119)	Hit (V 120-127)	Rel (V 0)	Port	Event2	Chan	Note	Min	Tap	Hit	Release	Max	Pad Detect	Tap Detect	Tap Action	Hit Detect	Hit Action	Release  Detect	Release Action	Pad complete		
minicontrol SET + Pad Row A	Pad 1	Left	Home		0	Note	9	30	0	[1-9]|[1-9][0-9]|1[0-1][0-9]) 	12[0-7]) 	0)	127	=IF(CONCAT(C3:E3)="","",UNICHAR(34)&F3&" "&G3&" "&H3&" "&I3&UNICHAR(34)&" ) case "&UNICHAR(34)&"$data2"&UNICHAR(34)&" in ")	=IF(ISBLANK(C3),"",K3)	=IF(ISBLANK(C3),"",LOOKUP(C3,$Actions.$B$2:$Actions.$B$1123,$Actions.$D$2:$Actions.$D$1123)&";;  ")	=IF(ISBLANK(D3),"",L3)	=IF(ISBLANK(D3),"",LOOKUP(D3,$Actions.$B$2:$Actions.$B$1123,$Actions.$D$2:$Actions.$D$1123)&";;  ")	=IF(ISBLANK(E3),"",M3)	=IF(ISBLANK(E3),"",LOOKUP(E3,$Actions.$B$2:$Actions.$B$1123,$Actions.$D$2:$Actions.$D$1123)&";;  ")	=IF(O3="","",IF(ISBLANK(N3),"","esac ;;  ")&UNICHAR(13)&UNICHAR(10))		
	Pad 2	Up	Page Up		0	Note	9	31	0	[1-9]|[1-9][0-9]|1[0-1][0-9]) 	12[0-7]) 	0)	127	=IF(CONCAT(C4:E4)="","",UNICHAR(34)&F4&" "&G4&" "&H4&" "&I4&UNICHAR(34)&" ) case "&UNICHAR(34)&"$data2"&UNICHAR(34)&" in ")	=IF(ISBLANK(C4),"",K4)	=IF(ISBLANK(C4),"",LOOKUP(C4,$Actions.$B$2:$Actions.$B$1123,$Actions.$D$2:$Actions.$D$1123)&";;  ")	=IF(ISBLANK(D4),"",L4)	=IF(ISBLANK(D4),"",LOOKUP(D4,$Actions.$B$2:$Actions.$B$1123,$Actions.$D$2:$Actions.$D$1123)&";;  ")	=IF(ISBLANK(E4),"",M4)	=IF(ISBLANK(E4),"",LOOKUP(E4,$Actions.$B$2:$Actions.$B$1123,$Actions.$D$2:$Actions.$D$1123)&";;  ")	=IF(O4="","",IF(ISBLANK(N4),"","esac ;;  ")&UNICHAR(13)&UNICHAR(10))		
	Pad 3	Down	Page Down		0	Note	9	32	0	[1-9]|[1-9][0-9]|1[0-1][0-9]) 	12[0-7]) 	0)	127	=IF(CONCAT(C5:E5)="","",UNICHAR(34)&F5&" "&G5&" "&H5&" "&I5&UNICHAR(34)&" ) case "&UNICHAR(34)&"$data2"&UNICHAR(34)&" in ")	=IF(ISBLANK(C5),"",K5)	=IF(ISBLANK(C5),"",LOOKUP(C5,$Actions.$B$2:$Actions.$B$1123,$Actions.$D$2:$Actions.$D$1123)&";;  ")	=IF(ISBLANK(D5),"",L5)	=IF(ISBLANK(D5),"",LOOKUP(D5,$Actions.$B$2:$Actions.$B$1123,$Actions.$D$2:$Actions.$D$1123)&";;  ")	=IF(ISBLANK(E5),"",M5)	=IF(ISBLANK(E5),"",LOOKUP(E5,$Actions.$B$2:$Actions.$B$1123,$Actions.$D$2:$Actions.$D$1123)&";;  ")	=IF(O5="","",IF(ISBLANK(N5),"","esac ;;  ")&UNICHAR(13)&UNICHAR(10))		
	Pad 4	Right	End		0	Note	9	33	0	[1-9]|[1-9][0-9]|1[0-1][0-9]) 	12[0-7]) 	0)	127	=IF(CONCAT(C6:E6)="","",UNICHAR(34)&F6&" "&G6&" "&H6&" "&I6&UNICHAR(34)&" ) case "&UNICHAR(34)&"$data2"&UNICHAR(34)&" in ")	=IF(ISBLANK(C6),"",K6)	=IF(ISBLANK(C6),"",LOOKUP(C6,$Actions.$B$2:$Actions.$B$1123,$Actions.$D$2:$Actions.$D$1123)&";;  ")	=IF(ISBLANK(D6),"",L6)	=IF(ISBLANK(D6),"",LOOKUP(D6,$Actions.$B$2:$Actions.$B$1123,$Actions.$D$2:$Actions.$D$1123)&";;  ")	=IF(ISBLANK(E6),"",M6)	=IF(ISBLANK(E6),"",LOOKUP(E6,$Actions.$B$2:$Actions.$B$1123,$Actions.$D$2:$Actions.$D$1123)&";;  ")	=IF(O6="","",IF(ISBLANK(N6),"","esac ;;  ")&UNICHAR(13)&UNICHAR(10))		
	Pad 5	Mouse Left	Double Click		0	Note	9	34	0	[1-9]|[1-9][0-9]|1[0-1][0-9]) 	12[0-7]) 	0)	127	=IF(CONCAT(C7:E7)="","",UNICHAR(34)&F7&" "&G7&" "&H7&" "&I7&UNICHAR(34)&" ) case "&UNICHAR(34)&"$data2"&UNICHAR(34)&" in ")	=IF(ISBLANK(C7),"",K7)	=IF(ISBLANK(C7),"",LOOKUP(C7,$Actions.$B$2:$Actions.$B$1123,$Actions.$D$2:$Actions.$D$1123)&";;  ")	=IF(ISBLANK(D7),"",L7)	=IF(ISBLANK(D7),"",LOOKUP(D7,$Actions.$B$2:$Actions.$B$1123,$Actions.$D$2:$Actions.$D$1123)&";;  ")	=IF(ISBLANK(E7),"",M7)	=IF(ISBLANK(E7),"",LOOKUP(E7,$Actions.$B$2:$Actions.$B$1123,$Actions.$D$2:$Actions.$D$1123)&";;  ")	=IF(O7="","",IF(ISBLANK(N7),"","esac ;;  ")&UNICHAR(13)&UNICHAR(10))		
	Pad 6	Mouse up	Click 1		0	Note	9	35	0	[1-9]|[1-9][0-9]|1[0-1][0-9]) 	12[0-7]) 	0)	127	=IF(CONCAT(C8:E8)="","",UNICHAR(34)&F8&" "&G8&" "&H8&" "&I8&UNICHAR(34)&" ) case "&UNICHAR(34)&"$data2"&UNICHAR(34)&" in ")	=IF(ISBLANK(C8),"",K8)	=IF(ISBLANK(C8),"",LOOKUP(C8,$Actions.$B$2:$Actions.$B$1123,$Actions.$D$2:$Actions.$D$1123)&";;  ")	=IF(ISBLANK(D8),"",L8)	=IF(ISBLANK(D8),"",LOOKUP(D8,$Actions.$B$2:$Actions.$B$1123,$Actions.$D$2:$Actions.$D$1123)&";;  ")	=IF(ISBLANK(E8),"",M8)	=IF(ISBLANK(E8),"",LOOKUP(E8,$Actions.$B$2:$Actions.$B$1123,$Actions.$D$2:$Actions.$D$1123)&";;  ")	=IF(O8="","",IF(ISBLANK(N8),"","esac ;;  ")&UNICHAR(13)&UNICHAR(10))		
	Pad 7	Mouse Down	Right Click		0	Note	9	36	0	[1-9]|[1-9][0-9]|1[0-1][0-9]) 	12[0-7]) 	0)	127	=IF(CONCAT(C9:E9)="","",UNICHAR(34)&F9&" "&G9&" "&H9&" "&I9&UNICHAR(34)&" ) case "&UNICHAR(34)&"$data2"&UNICHAR(34)&" in ")	=IF(ISBLANK(C9),"",K9)	=IF(ISBLANK(C9),"",LOOKUP(C9,$Actions.$B$2:$Actions.$B$1123,$Actions.$D$2:$Actions.$D$1123)&";;  ")	=IF(ISBLANK(D9),"",L9)	=IF(ISBLANK(D9),"",LOOKUP(D9,$Actions.$B$2:$Actions.$B$1123,$Actions.$D$2:$Actions.$D$1123)&";;  ")	=IF(ISBLANK(E9),"",M9)	=IF(ISBLANK(E9),"",LOOKUP(E9,$Actions.$B$2:$Actions.$B$1123,$Actions.$D$2:$Actions.$D$1123)&";;  ")	=IF(O9="","",IF(ISBLANK(N9),"","esac ;;  ")&UNICHAR(13)&UNICHAR(10))		
	Pad 8	Mouse Right	Right Double Click		0	Note	9	37	0	[1-9]|[1-9][0-9]|1[0-1][0-9]) 	12[0-7]) 	0)	127	=IF(CONCAT(C10:E10)="","",UNICHAR(34)&F10&" "&G10&" "&H10&" "&I10&UNICHAR(34)&" ) case "&UNICHAR(34)&"$data2"&UNICHAR(34)&" in ")	=IF(ISBLANK(C10),"",K10)	=IF(ISBLANK(C10),"",LOOKUP(C10,$Actions.$B$2:$Actions.$B$1123,$Actions.$D$2:$Actions.$D$1123)&";;  ")	=IF(ISBLANK(D10),"",L10)	=IF(ISBLANK(D10),"",LOOKUP(D10,$Actions.$B$2:$Actions.$B$1123,$Actions.$D$2:$Actions.$D$1123)&";;  ")	=IF(ISBLANK(E10),"",M10)	=IF(ISBLANK(E10),"",LOOKUP(E10,$Actions.$B$2:$Actions.$B$1123,$Actions.$D$2:$Actions.$D$1123)&";;  ")	=IF(O10="","",IF(ISBLANK(N10),"","esac ;;  ")&UNICHAR(13)&UNICHAR(10))		
minicontrol SET + Pad Row B	Pad 1	Alt Key Latch	Alt Key Latch	Alt Key Release	0	Note	9	38	0	[1-9]|[1-9][0-9]|1[0-1][0-9]) 	12[0-7]) 	0)	127	=IF(CONCAT(C11:E11)="","",UNICHAR(34)&F11&" "&G11&" "&H11&" "&I11&UNICHAR(34)&" ) case "&UNICHAR(34)&"$data2"&UNICHAR(34)&" in ")	=IF(ISBLANK(C11),"",K11)	=IF(ISBLANK(C11),"",LOOKUP(C11,$Actions.$B$2:$Actions.$B$1123,$Actions.$D$2:$Actions.$D$1123)&";;  ")	=IF(ISBLANK(D11),"",L11)	=IF(ISBLANK(D11),"",LOOKUP(D11,$Actions.$B$2:$Actions.$B$1123,$Actions.$D$2:$Actions.$D$1123)&";;  ")	=IF(ISBLANK(E11),"",M11)	=IF(ISBLANK(E11),"",LOOKUP(E11,$Actions.$B$2:$Actions.$B$1123,$Actions.$D$2:$Actions.$D$1123)&";;  ")	=IF(O11="","",IF(ISBLANK(N11),"","esac ;;  ")&UNICHAR(13)&UNICHAR(10))		
	Pad 2	Babel Key Latch	Babel Key Latch	Babel Key Release	0	Note	9	39	0	[1-9]|[1-9][0-9]|1[0-1][0-9]) 	12[0-7]) 	0)	127	=IF(CONCAT(C12:E12)="","",UNICHAR(34)&F12&" "&G12&" "&H12&" "&I12&UNICHAR(34)&" ) case "&UNICHAR(34)&"$data2"&UNICHAR(34)&" in ")	=IF(ISBLANK(C12),"",K12)	=IF(ISBLANK(C12),"",LOOKUP(C12,$Actions.$B$2:$Actions.$B$1123,$Actions.$D$2:$Actions.$D$1123)&";;  ")	=IF(ISBLANK(D12),"",L12)	=IF(ISBLANK(D12),"",LOOKUP(D12,$Actions.$B$2:$Actions.$B$1123,$Actions.$D$2:$Actions.$D$1123)&";;  ")	=IF(ISBLANK(E12),"",M12)	=IF(ISBLANK(E12),"",LOOKUP(E12,$Actions.$B$2:$Actions.$B$1123,$Actions.$D$2:$Actions.$D$1123)&";;  ")	=IF(O12="","",IF(ISBLANK(N12),"","esac ;;  ")&UNICHAR(13)&UNICHAR(10))		
	Pad 3	Control Key Latch	Control Key Latch	Control Key Release	0	Note	9	40	0	[1-9]|[1-9][0-9]|1[0-1][0-9]) 	12[0-7]) 	0)	127	=IF(CONCAT(C13:E13)="","",UNICHAR(34)&F13&" "&G13&" "&H13&" "&I13&UNICHAR(34)&" ) case "&UNICHAR(34)&"$data2"&UNICHAR(34)&" in ")	=IF(ISBLANK(C13),"",K13)	=IF(ISBLANK(C13),"",LOOKUP(C13,$Actions.$B$2:$Actions.$B$1123,$Actions.$D$2:$Actions.$D$1123)&";;  ")	=IF(ISBLANK(D13),"",L13)	=IF(ISBLANK(D13),"",LOOKUP(D13,$Actions.$B$2:$Actions.$B$1123,$Actions.$D$2:$Actions.$D$1123)&";;  ")	=IF(ISBLANK(E13),"",M13)	=IF(ISBLANK(E13),"",LOOKUP(E13,$Actions.$B$2:$Actions.$B$1123,$Actions.$D$2:$Actions.$D$1123)&";;  ")	=IF(O13="","",IF(ISBLANK(N13),"","esac ;;  ")&UNICHAR(13)&UNICHAR(10))		
	Pad 4	Dev Key Latch	Dev Key Latch	Dev Key Release	0	Note	9	41	0	[1-9]|[1-9][0-9]|1[0-1][0-9]) 	12[0-7]) 	0)	127	=IF(CONCAT(C14:E14)="","",UNICHAR(34)&F14&" "&G14&" "&H14&" "&I14&UNICHAR(34)&" ) case "&UNICHAR(34)&"$data2"&UNICHAR(34)&" in ")	=IF(ISBLANK(C14),"",K14)	=IF(ISBLANK(C14),"",LOOKUP(C14,$Actions.$B$2:$Actions.$B$1123,$Actions.$D$2:$Actions.$D$1123)&";;  ")	=IF(ISBLANK(D14),"",L14)	=IF(ISBLANK(D14),"",LOOKUP(D14,$Actions.$B$2:$Actions.$B$1123,$Actions.$D$2:$Actions.$D$1123)&";;  ")	=IF(ISBLANK(E14),"",M14)	=IF(ISBLANK(E14),"",LOOKUP(E14,$Actions.$B$2:$Actions.$B$1123,$Actions.$D$2:$Actions.$D$1123)&";;  ")	=IF(O14="","",IF(ISBLANK(N14),"","esac ;;  ")&UNICHAR(13)&UNICHAR(10))		
	Pad 5	Ether Key Latch	Ether Key Latch	Ether Key Release	0	Note	9	42	0	[1-9]|[1-9][0-9]|1[0-1][0-9]) 	12[0-7]) 	0)	127	=IF(CONCAT(C15:E15)="","",UNICHAR(34)&F15&" "&G15&" "&H15&" "&I15&UNICHAR(34)&" ) case "&UNICHAR(34)&"$data2"&UNICHAR(34)&" in ")	=IF(ISBLANK(C15),"",K15)	=IF(ISBLANK(C15),"",LOOKUP(C15,$Actions.$B$2:$Actions.$B$1123,$Actions.$D$2:$Actions.$D$1123)&";;  ")	=IF(ISBLANK(D15),"",L15)	=IF(ISBLANK(D15),"",LOOKUP(D15,$Actions.$B$2:$Actions.$B$1123,$Actions.$D$2:$Actions.$D$1123)&";;  ")	=IF(ISBLANK(E15),"",M15)	=IF(ISBLANK(E15),"",LOOKUP(E15,$Actions.$B$2:$Actions.$B$1123,$Actions.$D$2:$Actions.$D$1123)&";;  ")	=IF(O15="","",IF(ISBLANK(N15),"","esac ;;  ")&UNICHAR(13)&UNICHAR(10))		
	Pad 6	Function Key Latch	Function Key Latch	Function Key Release	0	Note	9	43	0	[1-9]|[1-9][0-9]|1[0-1][0-9]) 	12[0-7]) 	0)	127	=IF(CONCAT(C16:E16)="","",UNICHAR(34)&F16&" "&G16&" "&H16&" "&I16&UNICHAR(34)&" ) case "&UNICHAR(34)&"$data2"&UNICHAR(34)&" in ")	=IF(ISBLANK(C16),"",K16)	=IF(ISBLANK(C16),"",LOOKUP(C16,$Actions.$B$2:$Actions.$B$1123,$Actions.$D$2:$Actions.$D$1123)&";;  ")	=IF(ISBLANK(D16),"",L16)	=IF(ISBLANK(D16),"",LOOKUP(D16,$Actions.$B$2:$Actions.$B$1123,$Actions.$D$2:$Actions.$D$1123)&";;  ")	=IF(ISBLANK(E16),"",M16)	=IF(ISBLANK(E16),"",LOOKUP(E16,$Actions.$B$2:$Actions.$B$1123,$Actions.$D$2:$Actions.$D$1123)&";;  ")	=IF(O16="","",IF(ISBLANK(N16),"","esac ;;  ")&UNICHAR(13)&UNICHAR(10))		
	Pad 7	Guide Key Latch	Guide Key Latch	Guide Key Release	0	Note	9	44	0	[1-9]|[1-9][0-9]|1[0-1][0-9]) 	12[0-7]) 	0)	127	=IF(CONCAT(C17:E17)="","",UNICHAR(34)&F17&" "&G17&" "&H17&" "&I17&UNICHAR(34)&" ) case "&UNICHAR(34)&"$data2"&UNICHAR(34)&" in ")	=IF(ISBLANK(C17),"",K17)	=IF(ISBLANK(C17),"",LOOKUP(C17,$Actions.$B$2:$Actions.$B$1123,$Actions.$D$2:$Actions.$D$1123)&";;  ")	=IF(ISBLANK(D17),"",L17)	=IF(ISBLANK(D17),"",LOOKUP(D17,$Actions.$B$2:$Actions.$B$1123,$Actions.$D$2:$Actions.$D$1123)&";;  ")	=IF(ISBLANK(E17),"",M17)	=IF(ISBLANK(E17),"",LOOKUP(E17,$Actions.$B$2:$Actions.$B$1123,$Actions.$D$2:$Actions.$D$1123)&";;  ")	=IF(O17="","",IF(ISBLANK(N17),"","esac ;;  ")&UNICHAR(13)&UNICHAR(10))		
	Pad 8	Hyper Key Latch	Hyper Key Latch	Hyper Key Release	0	Note	9	45	0	[1-9]|[1-9][0-9]|1[0-1][0-9]) 	12[0-7]) 	0)	127	=IF(CONCAT(C18:E18)="","",UNICHAR(34)&F18&" "&G18&" "&H18&" "&I18&UNICHAR(34)&" ) case "&UNICHAR(34)&"$data2"&UNICHAR(34)&" in ")	=IF(ISBLANK(C18),"",K18)	=IF(ISBLANK(C18),"",LOOKUP(C18,$Actions.$B$2:$Actions.$B$1123,$Actions.$D$2:$Actions.$D$1123)&";;  ")	=IF(ISBLANK(D18),"",L18)	=IF(ISBLANK(D18),"",LOOKUP(D18,$Actions.$B$2:$Actions.$B$1123,$Actions.$D$2:$Actions.$D$1123)&";;  ")	=IF(ISBLANK(E18),"",M18)	=IF(ISBLANK(E18),"",LOOKUP(E18,$Actions.$B$2:$Actions.$B$1123,$Actions.$D$2:$Actions.$D$1123)&";;  ")	=IF(O18="","",IF(ISBLANK(N18),"","esac ;;  ")&UNICHAR(13)&UNICHAR(10))		
WORLDE  Pads	Pad 1	Idiom Key Latch	Idiom Key Latch	Idiom Key Release	0	Note	9	48	0	[1-9]|[1-9][0-9]|1[0-1][0-9]) 	12[0-7]) 	0)	127	=IF(CONCAT(C19:E19)="","",UNICHAR(34)&F19&" "&G19&" "&H19&" "&I19&UNICHAR(34)&" ) "&IF(N19="",""," case "&UNICHAR(34)&"$data2"&UNICHAR(34)&" in "))	=IF(ISBLANK(C19),"",K19)	=IF(ISBLANK(C19),"",LOOKUP(C19,$Actions.$B$2:$Actions.$B$1123,$Actions.$D$2:$Actions.$D$1123)&";;  ")	=IF(ISBLANK(D19),"",L19)	=IF(ISBLANK(D19),"",LOOKUP(D19,$Actions.$B$2:$Actions.$B$1123,$Actions.$D$2:$Actions.$D$1123)&";;  ")	=IF(ISBLANK(E19),"",M19)	=IF(ISBLANK(E19),"",LOOKUP(E19,$Actions.$B$2:$Actions.$B$1123,$Actions.$D$2:$Actions.$D$1123)&";;  ")	=IF(O19="","",IF(ISBLANK(N19),"","esac ;;  ")&UNICHAR(13)&UNICHAR(10))		
	Pad 2				0	Note	9	45	0	[1-9]|[1-9][0-9]|1[0-1][0-9]) 	12[0-7]) 	0)	127	=IF(CONCAT(C20:E20)="","",UNICHAR(34)&F20&" "&G20&" "&H20&" "&I20&UNICHAR(34)&" ) "&IF(N20="",""," case "&UNICHAR(34)&"$data2"&UNICHAR(34)&" in "))	=IF(ISBLANK(C20),"",K20)	=IF(ISBLANK(C20),"",LOOKUP(C20,$Actions.$B$2:$Actions.$B$1123,$Actions.$D$2:$Actions.$D$1123)&";;  ")	=IF(ISBLANK(D20),"",L20)	=IF(ISBLANK(D20),"",LOOKUP(D20,$Actions.$B$2:$Actions.$B$1123,$Actions.$D$2:$Actions.$D$1123)&";;  ")	=IF(ISBLANK(E20),"",M20)	=IF(ISBLANK(E20),"",LOOKUP(E20,$Actions.$B$2:$Actions.$B$1123,$Actions.$D$2:$Actions.$D$1123)&";;  ")	=IF(O20="","",IF(ISBLANK(N20),"","esac ;;  ")&UNICHAR(13)&UNICHAR(10))		
	Pad 3	Jux Key Latch	Jux Key Latch	Jux Key Release	0	Note	9	49	0	[1-9]|[1-9][0-9]|1[0-1][0-9]) 	12[0-7]) 	0)	127	=IF(CONCAT(C21:E21)="","",UNICHAR(34)&F21&" "&G21&" "&H21&" "&I21&UNICHAR(34)&" ) "&IF(N21="",""," case "&UNICHAR(34)&"$data2"&UNICHAR(34)&" in "))	=IF(ISBLANK(C21),"",K21)	=IF(ISBLANK(C21),"",LOOKUP(C21,$Actions.$B$2:$Actions.$B$1123,$Actions.$D$2:$Actions.$D$1123)&";;  ")	=IF(ISBLANK(D21),"",L21)	=IF(ISBLANK(D21),"",LOOKUP(D21,$Actions.$B$2:$Actions.$B$1123,$Actions.$D$2:$Actions.$D$1123)&";;  ")	=IF(ISBLANK(E21),"",M21)	=IF(ISBLANK(E21),"",LOOKUP(E21,$Actions.$B$2:$Actions.$B$1123,$Actions.$D$2:$Actions.$D$1123)&";;  ")	=IF(O21="","",IF(ISBLANK(N21),"","esac ;;  ")&UNICHAR(13)&UNICHAR(10))		
	Pad 4	Call Key Latch	Call Key Latch	Call Key Release	0	Note	9	51	0	[1-9]|[1-9][0-9]|1[0-1][0-9]) 	12[0-7]) 	0)	127	=IF(CONCAT(C22:E22)="","",UNICHAR(34)&F22&" "&G22&" "&H22&" "&I22&UNICHAR(34)&" ) "&IF(N22="",""," case "&UNICHAR(34)&"$data2"&UNICHAR(34)&" in "))	=IF(ISBLANK(C22),"",K22)	=IF(ISBLANK(C22),"",LOOKUP(C22,$Actions.$B$2:$Actions.$B$1123,$Actions.$D$2:$Actions.$D$1123)&";;  ")	=IF(ISBLANK(D22),"",L22)	=IF(ISBLANK(D22),"",LOOKUP(D22,$Actions.$B$2:$Actions.$B$1123,$Actions.$D$2:$Actions.$D$1123)&";;  ")	=IF(ISBLANK(E22),"",M22)	=IF(ISBLANK(E22),"",LOOKUP(E22,$Actions.$B$2:$Actions.$B$1123,$Actions.$D$2:$Actions.$D$1123)&";;  ")	=IF(O22="","",IF(ISBLANK(N22),"","esac ;;  ")&UNICHAR(13)&UNICHAR(10))		
	Pad 5				0	Note	9	36	0	[1-9]|[1-9][0-9]|1[0-1][0-9]) 	12[0-7]) 	0)	127	=IF(CONCAT(C23:E23)="","",UNICHAR(34)&F23&" "&G23&" "&H23&" "&I23&UNICHAR(34)&" ) "&IF(N23="",""," case "&UNICHAR(34)&"$data2"&UNICHAR(34)&" in "))	=IF(ISBLANK(C23),"",K23)	=IF(ISBLANK(C23),"",LOOKUP(C23,$Actions.$B$2:$Actions.$B$1123,$Actions.$D$2:$Actions.$D$1123)&";;  ")	=IF(ISBLANK(D23),"",L23)	=IF(ISBLANK(D23),"",LOOKUP(D23,$Actions.$B$2:$Actions.$B$1123,$Actions.$D$2:$Actions.$D$1123)&";;  ")	=IF(ISBLANK(E23),"",M23)	=IF(ISBLANK(E23),"",LOOKUP(E23,$Actions.$B$2:$Actions.$B$1123,$Actions.$D$2:$Actions.$D$1123)&";;  ")	=IF(O23="","",IF(ISBLANK(N23),"","esac ;;  ")&UNICHAR(13)&UNICHAR(10))		
	Pad 6				0	Note	9	38	0	[1-9]|[1-9][0-9]|1[0-1][0-9]) 	12[0-7]) 	0)	127	=IF(CONCAT(C24:E24)="","",UNICHAR(34)&F24&" "&G24&" "&H24&" "&I24&UNICHAR(34)&" ) "&IF(N24="",""," case "&UNICHAR(34)&"$data2"&UNICHAR(34)&" in "))	=IF(ISBLANK(C24),"",K24)	=IF(ISBLANK(C24),"",LOOKUP(C24,$Actions.$B$2:$Actions.$B$1123,$Actions.$D$2:$Actions.$D$1123)&";;  ")	=IF(ISBLANK(D24),"",L24)	=IF(ISBLANK(D24),"",LOOKUP(D24,$Actions.$B$2:$Actions.$B$1123,$Actions.$D$2:$Actions.$D$1123)&";;  ")	=IF(ISBLANK(E24),"",M24)	=IF(ISBLANK(E24),"",LOOKUP(E24,$Actions.$B$2:$Actions.$B$1123,$Actions.$D$2:$Actions.$D$1123)&";;  ")	=IF(O24="","",IF(ISBLANK(N24),"","esac ;;  ")&UNICHAR(13)&UNICHAR(10))		
	Pad 7				0	Note	9	42	0	[1-9]|[1-9][0-9]|1[0-1][0-9]) 	12[0-7]) 	0)	127	=IF(CONCAT(C25:E25)="","",UNICHAR(34)&F25&" "&G25&" "&H25&" "&I25&UNICHAR(34)&" ) "&IF(N25="",""," case "&UNICHAR(34)&"$data2"&UNICHAR(34)&" in "))	=IF(ISBLANK(C25),"",K25)	=IF(ISBLANK(C25),"",LOOKUP(C25,$Actions.$B$2:$Actions.$B$1123,$Actions.$D$2:$Actions.$D$1123)&";;  ")	=IF(ISBLANK(D25),"",L25)	=IF(ISBLANK(D25),"",LOOKUP(D25,$Actions.$B$2:$Actions.$B$1123,$Actions.$D$2:$Actions.$D$1123)&";;  ")	=IF(ISBLANK(E25),"",M25)	=IF(ISBLANK(E25),"",LOOKUP(E25,$Actions.$B$2:$Actions.$B$1123,$Actions.$D$2:$Actions.$D$1123)&";;  ")	=IF(O25="","",IF(ISBLANK(N25),"","esac ;;  ")&UNICHAR(13)&UNICHAR(10))		
	Pad 8	Load Key Latch	Load Key Latch	Load Key Release	0	Note	9	46	0	[1-9]|[1-9][0-9]|1[0-1][0-9]) 	12[0-7]) 	0)	127	=IF(CONCAT(C26:E26)="","",UNICHAR(34)&F26&" "&G26&" "&H26&" "&I26&UNICHAR(34)&" ) "&IF(N26="",""," case "&UNICHAR(34)&"$data2"&UNICHAR(34)&" in "))	=IF(ISBLANK(C26),"",K26)	=IF(ISBLANK(C26),"",LOOKUP(C26,$Actions.$B$2:$Actions.$B$1123,$Actions.$D$2:$Actions.$D$1123)&";;  ")	=IF(ISBLANK(D26),"",L26)	=IF(ISBLANK(D26),"",LOOKUP(D26,$Actions.$B$2:$Actions.$B$1123,$Actions.$D$2:$Actions.$D$1123)&";;  ")	=IF(ISBLANK(E26),"",M26)	=IF(ISBLANK(E26),"",LOOKUP(E26,$Actions.$B$2:$Actions.$B$1123,$Actions.$D$2:$Actions.$D$1123)&";;  ")	=IF(O26="","",IF(ISBLANK(N26),"","esac ;;  ")&UNICHAR(13)&UNICHAR(10))		
minicontrol SET + CC Row A	Pad 1		Shift Alt F13		0	Control	0	30			 			=IF(CONCAT(C27:E27)="","",UNICHAR(34)&F27&" "&G27&" "&H27&" "&I27&UNICHAR(34)&" ) "&IF(N27="",""," case "&UNICHAR(34)&"$data2"&UNICHAR(34)&" in "))	=IF(ISBLANK(C27),"",K27)	=IF(ISBLANK(C27),"",LOOKUP(C27,$Actions.$B$2:$Actions.$B$1123,$Actions.$D$2:$Actions.$D$1123)&";;  ")	=IF(ISBLANK(D27),"",L27)	=IF(ISBLANK(D27),"",LOOKUP(D27,$Actions.$B$2:$Actions.$B$1123,$Actions.$D$2:$Actions.$D$1123)&";;  ")	=IF(ISBLANK(E27),"",M27)	=IF(ISBLANK(E27),"",LOOKUP(E27,$Actions.$B$2:$Actions.$B$1123,$Actions.$D$2:$Actions.$D$1123)&";;  ")	=IF(O27="","",IF(ISBLANK(N27),"","esac ;;  ")&UNICHAR(13)&UNICHAR(10))		
	Pad 2		Shift Alt F14		0	Control	0	31			 			=IF(CONCAT(C28:E28)="","",UNICHAR(34)&F28&" "&G28&" "&H28&" "&I28&UNICHAR(34)&" ) "&IF(N28="",""," case "&UNICHAR(34)&"$data2"&UNICHAR(34)&" in "))	=IF(ISBLANK(C28),"",K28)	=IF(ISBLANK(C28),"",LOOKUP(C28,$Actions.$B$2:$Actions.$B$1123,$Actions.$D$2:$Actions.$D$1123)&";;  ")	=IF(ISBLANK(D28),"",L28)	=IF(ISBLANK(D28),"",LOOKUP(D28,$Actions.$B$2:$Actions.$B$1123,$Actions.$D$2:$Actions.$D$1123)&";;  ")	=IF(ISBLANK(E28),"",M28)	=IF(ISBLANK(E28),"",LOOKUP(E28,$Actions.$B$2:$Actions.$B$1123,$Actions.$D$2:$Actions.$D$1123)&";;  ")	=IF(O28="","",IF(ISBLANK(N28),"","esac ;;  ")&UNICHAR(13)&UNICHAR(10))	 	 
	Pad 3		Shift Alt F15		0	Control	0	32			 			=IF(CONCAT(C29:E29)="","",UNICHAR(34)&F29&" "&G29&" "&H29&" "&I29&UNICHAR(34)&" ) "&IF(N29="",""," case "&UNICHAR(34)&"$data2"&UNICHAR(34)&" in "))	=IF(ISBLANK(C29),"",K29)	=IF(ISBLANK(C29),"",LOOKUP(C29,$Actions.$B$2:$Actions.$B$1123,$Actions.$D$2:$Actions.$D$1123)&";;  ")	=IF(ISBLANK(D29),"",L29)	=IF(ISBLANK(D29),"",LOOKUP(D29,$Actions.$B$2:$Actions.$B$1123,$Actions.$D$2:$Actions.$D$1123)&";;  ")	=IF(ISBLANK(E29),"",M29)	=IF(ISBLANK(E29),"",LOOKUP(E29,$Actions.$B$2:$Actions.$B$1123,$Actions.$D$2:$Actions.$D$1123)&";;  ")	=IF(O29="","",IF(ISBLANK(N29),"","esac ;;  ")&UNICHAR(13)&UNICHAR(10))		
	Pad 4		Shift Alt F16		0	Control	0	33			 			=IF(CONCAT(C30:E30)="","",UNICHAR(34)&F30&" "&G30&" "&H30&" "&I30&UNICHAR(34)&" ) "&IF(N30="",""," case "&UNICHAR(34)&"$data2"&UNICHAR(34)&" in "))	=IF(ISBLANK(C30),"",K30)	=IF(ISBLANK(C30),"",LOOKUP(C30,$Actions.$B$2:$Actions.$B$1123,$Actions.$D$2:$Actions.$D$1123)&";;  ")	=IF(ISBLANK(D30),"",L30)	=IF(ISBLANK(D30),"",LOOKUP(D30,$Actions.$B$2:$Actions.$B$1123,$Actions.$D$2:$Actions.$D$1123)&";;  ")	=IF(ISBLANK(E30),"",M30)	=IF(ISBLANK(E30),"",LOOKUP(E30,$Actions.$B$2:$Actions.$B$1123,$Actions.$D$2:$Actions.$D$1123)&";;  ")	=IF(O30="","",IF(ISBLANK(N30),"","esac ;;  ")&UNICHAR(13)&UNICHAR(10))		
	Pad 5		Alt F13		0	Control	0	34			 			=IF(CONCAT(C31:E31)="","",UNICHAR(34)&F31&" "&G31&" "&H31&" "&I31&UNICHAR(34)&" ) "&IF(N31="",""," case "&UNICHAR(34)&"$data2"&UNICHAR(34)&" in "))	=IF(ISBLANK(C31),"",K31)	=IF(ISBLANK(C31),"",LOOKUP(C31,$Actions.$B$2:$Actions.$B$1123,$Actions.$D$2:$Actions.$D$1123)&";;  ")	=IF(ISBLANK(D31),"",L31)	=IF(ISBLANK(D31),"",LOOKUP(D31,$Actions.$B$2:$Actions.$B$1123,$Actions.$D$2:$Actions.$D$1123)&";;  ")	=IF(ISBLANK(E31),"",M31)	=IF(ISBLANK(E31),"",LOOKUP(E31,$Actions.$B$2:$Actions.$B$1123,$Actions.$D$2:$Actions.$D$1123)&";;  ")	=IF(O31="","",IF(ISBLANK(N31),"","esac ;;  ")&UNICHAR(13)&UNICHAR(10))		
	Pad 6		Alt F14		0	Control	0	35			 			=IF(CONCAT(C32:E32)="","",UNICHAR(34)&F32&" "&G32&" "&H32&" "&I32&UNICHAR(34)&" ) "&IF(N32="",""," case "&UNICHAR(34)&"$data2"&UNICHAR(34)&" in "))	=IF(ISBLANK(C32),"",K32)	=IF(ISBLANK(C32),"",LOOKUP(C32,$Actions.$B$2:$Actions.$B$1123,$Actions.$D$2:$Actions.$D$1123)&";;  ")	=IF(ISBLANK(D32),"",L32)	=IF(ISBLANK(D32),"",LOOKUP(D32,$Actions.$B$2:$Actions.$B$1123,$Actions.$D$2:$Actions.$D$1123)&";;  ")	=IF(ISBLANK(E32),"",M32)	=IF(ISBLANK(E32),"",LOOKUP(E32,$Actions.$B$2:$Actions.$B$1123,$Actions.$D$2:$Actions.$D$1123)&";;  ")	=IF(O32="","",IF(ISBLANK(N32),"","esac ;;  ")&UNICHAR(13)&UNICHAR(10))		
	Pad 7		Alt F15		0	Control	0	36			 			=IF(CONCAT(C33:E33)="","",UNICHAR(34)&F33&" "&G33&" "&H33&" "&I33&UNICHAR(34)&" ) "&IF(N33="",""," case "&UNICHAR(34)&"$data2"&UNICHAR(34)&" in "))	=IF(ISBLANK(C33),"",K33)	=IF(ISBLANK(C33),"",LOOKUP(C33,$Actions.$B$2:$Actions.$B$1123,$Actions.$D$2:$Actions.$D$1123)&";;  ")	=IF(ISBLANK(D33),"",L33)	=IF(ISBLANK(D33),"",LOOKUP(D33,$Actions.$B$2:$Actions.$B$1123,$Actions.$D$2:$Actions.$D$1123)&";;  ")	=IF(ISBLANK(E33),"",M33)	=IF(ISBLANK(E33),"",LOOKUP(E33,$Actions.$B$2:$Actions.$B$1123,$Actions.$D$2:$Actions.$D$1123)&";;  ")	=IF(O33="","",IF(ISBLANK(N33),"","esac ;;  ")&UNICHAR(13)&UNICHAR(10))		
	Pad 8	Alt F16	Alt F16		0	Control	0	37	0	[1-9]|[1-9][0-9]|1[0-1][0-9]) 	12[0-7]) 	0)	127	=IF(CONCAT(C34:E34)="","",UNICHAR(34)&F34&" "&G34&" "&H34&" "&I34&UNICHAR(34)&" ) "&IF(N34="",""," case "&UNICHAR(34)&"$data2"&UNICHAR(34)&" in "))	=IF(ISBLANK(C34),"",K34)	=IF(ISBLANK(C34),"",LOOKUP(C34,$Actions.$B$2:$Actions.$B$1123,$Actions.$D$2:$Actions.$D$1123)&";;  ")	=IF(ISBLANK(D34),"",L34)	=IF(ISBLANK(D34),"",LOOKUP(D34,$Actions.$B$2:$Actions.$B$1123,$Actions.$D$2:$Actions.$D$1123)&";;  ")	=IF(ISBLANK(E34),"",M34)	=IF(ISBLANK(E34),"",LOOKUP(E34,$Actions.$B$2:$Actions.$B$1123,$Actions.$D$2:$Actions.$D$1123)&";;  ")	=IF(O34="","",IF(ISBLANK(N34),"","esac ;;  ")&UNICHAR(13)&UNICHAR(10))		
minicontrol SET + CC Row B	Pad 1		Shift F13		0	Control	0	38		 	 			=IF(CONCAT(C35:E35)="","",UNICHAR(34)&F35&" "&G35&" "&H35&" "&I35&UNICHAR(34)&" ) "&IF(N35="",""," case "&UNICHAR(34)&"$data2"&UNICHAR(34)&" in "))	=IF(ISBLANK(C35),"",K35)	=IF(ISBLANK(C35),"",LOOKUP(C35,$Actions.$B$2:$Actions.$B$1123,$Actions.$D$2:$Actions.$D$1123)&";;  ")	=IF(ISBLANK(D35),"",L35)	=IF(ISBLANK(D35),"",LOOKUP(D35,$Actions.$B$2:$Actions.$B$1123,$Actions.$D$2:$Actions.$D$1123)&";;  ")	=IF(ISBLANK(E35),"",M35)	=IF(ISBLANK(E35),"",LOOKUP(E35,$Actions.$B$2:$Actions.$B$1123,$Actions.$D$2:$Actions.$D$1123)&";;  ")	=IF(O35="","",IF(ISBLANK(N35),"","esac ;;  ")&UNICHAR(13)&UNICHAR(10))		
	Pad 2		Shift F14		0	Control	0	39		 	 			=IF(CONCAT(C36:E36)="","",UNICHAR(34)&F36&" "&G36&" "&H36&" "&I36&UNICHAR(34)&" ) "&IF(N36="",""," case "&UNICHAR(34)&"$data2"&UNICHAR(34)&" in "))	=IF(ISBLANK(C36),"",K36)	=IF(ISBLANK(C36),"",LOOKUP(C36,$Actions.$B$2:$Actions.$B$1123,$Actions.$D$2:$Actions.$D$1123)&";;  ")	=IF(ISBLANK(D36),"",L36)	=IF(ISBLANK(D36),"",LOOKUP(D36,$Actions.$B$2:$Actions.$B$1123,$Actions.$D$2:$Actions.$D$1123)&";;  ")	=IF(ISBLANK(E36),"",M36)	=IF(ISBLANK(E36),"",LOOKUP(E36,$Actions.$B$2:$Actions.$B$1123,$Actions.$D$2:$Actions.$D$1123)&";;  ")	=IF(O36="","",IF(ISBLANK(N36),"","esac ;;  ")&UNICHAR(13)&UNICHAR(10))		
	Pad 3		Shift F15		0	Control	0	40		 	 			=IF(CONCAT(C37:E37)="","",UNICHAR(34)&F37&" "&G37&" "&H37&" "&I37&UNICHAR(34)&" ) "&IF(N37="",""," case "&UNICHAR(34)&"$data2"&UNICHAR(34)&" in "))	=IF(ISBLANK(C37),"",K37)	=IF(ISBLANK(C37),"",LOOKUP(C37,$Actions.$B$2:$Actions.$B$1123,$Actions.$D$2:$Actions.$D$1123)&";;  ")	=IF(ISBLANK(D37),"",L37)	=IF(ISBLANK(D37),"",LOOKUP(D37,$Actions.$B$2:$Actions.$B$1123,$Actions.$D$2:$Actions.$D$1123)&";;  ")	=IF(ISBLANK(E37),"",M37)	=IF(ISBLANK(E37),"",LOOKUP(E37,$Actions.$B$2:$Actions.$B$1123,$Actions.$D$2:$Actions.$D$1123)&";;  ")	=IF(O37="","",IF(ISBLANK(N37),"","esac ;;  ")&UNICHAR(13)&UNICHAR(10))		
	Pad 4		Shift F16		0	Control	0	41		 	 			=IF(CONCAT(C38:E38)="","",UNICHAR(34)&F38&" "&G38&" "&H38&" "&I38&UNICHAR(34)&" ) "&IF(N38="",""," case "&UNICHAR(34)&"$data2"&UNICHAR(34)&" in "))	=IF(ISBLANK(C38),"",K38)	=IF(ISBLANK(C38),"",LOOKUP(C38,$Actions.$B$2:$Actions.$B$1123,$Actions.$D$2:$Actions.$D$1123)&";;  ")	=IF(ISBLANK(D38),"",L38)	=IF(ISBLANK(D38),"",LOOKUP(D38,$Actions.$B$2:$Actions.$B$1123,$Actions.$D$2:$Actions.$D$1123)&";;  ")	=IF(ISBLANK(E38),"",M38)	=IF(ISBLANK(E38),"",LOOKUP(E38,$Actions.$B$2:$Actions.$B$1123,$Actions.$D$2:$Actions.$D$1123)&";;  ")	=IF(O38="","",IF(ISBLANK(N38),"","esac ;;  ")&UNICHAR(13)&UNICHAR(10))		
	Pad 5		F13		0	Control	0	42		 	 			=IF(CONCAT(C39:E39)="","",UNICHAR(34)&F39&" "&G39&" "&H39&" "&I39&UNICHAR(34)&" ) "&IF(N39="",""," case "&UNICHAR(34)&"$data2"&UNICHAR(34)&" in "))	=IF(ISBLANK(C39),"",K39)	=IF(ISBLANK(C39),"",LOOKUP(C39,$Actions.$B$2:$Actions.$B$1123,$Actions.$D$2:$Actions.$D$1123)&";;  ")	=IF(ISBLANK(D39),"",L39)	=IF(ISBLANK(D39),"",LOOKUP(D39,$Actions.$B$2:$Actions.$B$1123,$Actions.$D$2:$Actions.$D$1123)&";;  ")	=IF(ISBLANK(E39),"",M39)	=IF(ISBLANK(E39),"",LOOKUP(E39,$Actions.$B$2:$Actions.$B$1123,$Actions.$D$2:$Actions.$D$1123)&";;  ")	=IF(O39="","",IF(ISBLANK(N39),"","esac ;;  ")&UNICHAR(13)&UNICHAR(10))		
	Pad 6	F14	F14		0	Control	0	43	0	[1-9]|[1-9][0-9]|1[0-1][0-9]) 	12[0-7]) 	0)	127	=IF(CONCAT(C40:E40)="","",UNICHAR(34)&F40&" "&G40&" "&H40&" "&I40&UNICHAR(34)&" ) "&IF(N40="",""," case "&UNICHAR(34)&"$data2"&UNICHAR(34)&" in "))	=IF(ISBLANK(C40),"",K40)	=IF(ISBLANK(C40),"",LOOKUP(C40,$Actions.$B$2:$Actions.$B$1123,$Actions.$D$2:$Actions.$D$1123)&";;  ")	=IF(ISBLANK(D40),"",L40)	=IF(ISBLANK(D40),"",LOOKUP(D40,$Actions.$B$2:$Actions.$B$1123,$Actions.$D$2:$Actions.$D$1123)&";;  ")	=IF(ISBLANK(E40),"",M40)	=IF(ISBLANK(E40),"",LOOKUP(E40,$Actions.$B$2:$Actions.$B$1123,$Actions.$D$2:$Actions.$D$1123)&";;  ")	=IF(O40="","",IF(ISBLANK(N40),"","esac ;;  ")&UNICHAR(13)&UNICHAR(10))		
	Pad 7		F15		0	Control	0	44		 	 			=IF(CONCAT(C41:E41)="","",UNICHAR(34)&F41&" "&G41&" "&H41&" "&I41&UNICHAR(34)&" ) "&IF(N41="",""," case "&UNICHAR(34)&"$data2"&UNICHAR(34)&" in "))	=IF(ISBLANK(C41),"",K41)	=IF(ISBLANK(C41),"",LOOKUP(C41,$Actions.$B$2:$Actions.$B$1123,$Actions.$D$2:$Actions.$D$1123)&";;  ")	=IF(ISBLANK(D41),"",L41)	=IF(ISBLANK(D41),"",LOOKUP(D41,$Actions.$B$2:$Actions.$B$1123,$Actions.$D$2:$Actions.$D$1123)&";;  ")	=IF(ISBLANK(E41),"",M41)	=IF(ISBLANK(E41),"",LOOKUP(E41,$Actions.$B$2:$Actions.$B$1123,$Actions.$D$2:$Actions.$D$1123)&";;  ")	=IF(O41="","",IF(ISBLANK(N41),"","esac ;;  ")&UNICHAR(13)&UNICHAR(10))		
	Pad 8		F16		0	Control	0	45		 	 			=IF(CONCAT(C42:E42)="","",UNICHAR(34)&F42&" "&G42&" "&H42&" "&I42&UNICHAR(34)&" ) "&IF(N42="",""," case "&UNICHAR(34)&"$data2"&UNICHAR(34)&" in "))	=IF(ISBLANK(C42),"",K42)	=IF(ISBLANK(C42),"",LOOKUP(C42,$Actions.$B$2:$Actions.$B$1123,$Actions.$D$2:$Actions.$D$1123)&";;  ")	=IF(ISBLANK(D42),"",L42)	=IF(ISBLANK(D42),"",LOOKUP(D42,$Actions.$B$2:$Actions.$B$1123,$Actions.$D$2:$Actions.$D$1123)&";;  ")	=IF(ISBLANK(E42),"",M42)	=IF(ISBLANK(E42),"",LOOKUP(E42,$Actions.$B$2:$Actions.$B$1123,$Actions.$D$2:$Actions.$D$1123)&";;  ")	=IF(O42="","",IF(ISBLANK(N42),"","esac ;;  ")&UNICHAR(13)&UNICHAR(10))		
APC Key 25 Horizontal buttons	Up button		Up		1	Note	0	64	0		12[0-7]) 	0)	127	=IF(CONCAT(C43:E43)="","",UNICHAR(34)&F43&" "&G43&" "&H43&" "&I43&UNICHAR(34)&" ) "&IF(N43="",""," case "&UNICHAR(34)&"$data2"&UNICHAR(34)&" in "))	=IF(ISBLANK(C43),"",K43)	=IF(ISBLANK(C43),"",LOOKUP(C43,$Actions.$B$2:$Actions.$B$1123,$Actions.$D$2:$Actions.$D$1123)&";;  ")	=IF(ISBLANK(D43),"",L43)	=IF(ISBLANK(D43),"",LOOKUP(D43,$Actions.$B$2:$Actions.$B$1123,$Actions.$D$2:$Actions.$D$1123)&";;  ")	=IF(ISBLANK(E43),"",M43)	=IF(ISBLANK(E43),"",LOOKUP(E43,$Actions.$B$2:$Actions.$B$1123,$Actions.$D$2:$Actions.$D$1123)&";;  ")	=IF(O43="","",IF(ISBLANK(N43),"","esac ;;  ")&UNICHAR(13)&UNICHAR(10))		
	Down Button		Down		1	Note	0	65	0		12[0-7]) 	0)	127	=IF(CONCAT(C44:E44)="","",UNICHAR(34)&F44&" "&G44&" "&H44&" "&I44&UNICHAR(34)&" ) "&IF(N44="",""," case "&UNICHAR(34)&"$data2"&UNICHAR(34)&" in "))	=IF(ISBLANK(C44),"",K44)	=IF(ISBLANK(C44),"",LOOKUP(C44,$Actions.$B$2:$Actions.$B$1123,$Actions.$D$2:$Actions.$D$1123)&";;  ")	=IF(ISBLANK(D44),"",L44)	=IF(ISBLANK(D44),"",LOOKUP(D44,$Actions.$B$2:$Actions.$B$1123,$Actions.$D$2:$Actions.$D$1123)&";;  ")	=IF(ISBLANK(E44),"",M44)	=IF(ISBLANK(E44),"",LOOKUP(E44,$Actions.$B$2:$Actions.$B$1123,$Actions.$D$2:$Actions.$D$1123)&";;  ")	=IF(O44="","",IF(ISBLANK(N44),"","esac ;;  ")&UNICHAR(13)&UNICHAR(10))		
	Left Button		Left		1	Note	0	66	0		12[0-7]) 	0)	127	=IF(CONCAT(C45:E45)="","",UNICHAR(34)&F45&" "&G45&" "&H45&" "&I45&UNICHAR(34)&" ) "&IF(N45="",""," case "&UNICHAR(34)&"$data2"&UNICHAR(34)&" in "))	=IF(ISBLANK(C45),"",K45)	=IF(ISBLANK(C45),"",LOOKUP(C45,$Actions.$B$2:$Actions.$B$1123,$Actions.$D$2:$Actions.$D$1123)&";;  ")	=IF(ISBLANK(D45),"",L45)	=IF(ISBLANK(D45),"",LOOKUP(D45,$Actions.$B$2:$Actions.$B$1123,$Actions.$D$2:$Actions.$D$1123)&";;  ")	=IF(ISBLANK(E45),"",M45)	=IF(ISBLANK(E45),"",LOOKUP(E45,$Actions.$B$2:$Actions.$B$1123,$Actions.$D$2:$Actions.$D$1123)&";;  ")	=IF(O45="","",IF(ISBLANK(N45),"","esac ;;  ")&UNICHAR(13)&UNICHAR(10))		
	Right Button		Right		1	Note	0	67	0		12[0-7]) 	0)	127	=IF(CONCAT(C46:E46)="","",UNICHAR(34)&F46&" "&G46&" "&H46&" "&I46&UNICHAR(34)&" ) "&IF(N46="",""," case "&UNICHAR(34)&"$data2"&UNICHAR(34)&" in "))	=IF(ISBLANK(C46),"",K46)	=IF(ISBLANK(C46),"",LOOKUP(C46,$Actions.$B$2:$Actions.$B$1123,$Actions.$D$2:$Actions.$D$1123)&";;  ")	=IF(ISBLANK(D46),"",L46)	=IF(ISBLANK(D46),"",LOOKUP(D46,$Actions.$B$2:$Actions.$B$1123,$Actions.$D$2:$Actions.$D$1123)&";;  ")	=IF(ISBLANK(E46),"",M46)	=IF(ISBLANK(E46),"",LOOKUP(E46,$Actions.$B$2:$Actions.$B$1123,$Actions.$D$2:$Actions.$D$1123)&";;  ")	=IF(O46="","",IF(ISBLANK(N46),"","esac ;;  ")&UNICHAR(13)&UNICHAR(10))		
	Volume Button		Volume Mute		1	Note	0	68	0		12[0-7]) 	0)	127	=IF(CONCAT(C47:E47)="","",UNICHAR(34)&F47&" "&G47&" "&H47&" "&I47&UNICHAR(34)&" ) "&IF(N47="",""," case "&UNICHAR(34)&"$data2"&UNICHAR(34)&" in "))	=IF(ISBLANK(C47),"",K47)	=IF(ISBLANK(C47),"",LOOKUP(C47,$Actions.$B$2:$Actions.$B$1123,$Actions.$D$2:$Actions.$D$1123)&";;  ")	=IF(ISBLANK(D47),"",L47)	=IF(ISBLANK(D47),"",LOOKUP(D47,$Actions.$B$2:$Actions.$B$1123,$Actions.$D$2:$Actions.$D$1123)&";;  ")	=IF(ISBLANK(E47),"",M47)	=IF(ISBLANK(E47),"",LOOKUP(E47,$Actions.$B$2:$Actions.$B$1123,$Actions.$D$2:$Actions.$D$1123)&";;  ")	=IF(O47="","",IF(ISBLANK(N47),"","esac ;;  ")&UNICHAR(13)&UNICHAR(10))		
	Pan Button				1	Note	0	69	0		12[0-7]) 	0)	127	=IF(CONCAT(C48:E48)="","",UNICHAR(34)&F48&" "&G48&" "&H48&" "&I48&UNICHAR(34)&" ) "&IF(N48="",""," case "&UNICHAR(34)&"$data2"&UNICHAR(34)&" in "))	=IF(ISBLANK(C48),"",K48)	=IF(ISBLANK(C48),"",LOOKUP(C48,$Actions.$B$2:$Actions.$B$1123,$Actions.$D$2:$Actions.$D$1123)&";;  ")	=IF(ISBLANK(D48),"",L48)	=IF(ISBLANK(D48),"",LOOKUP(D48,$Actions.$B$2:$Actions.$B$1123,$Actions.$D$2:$Actions.$D$1123)&";;  ")	=IF(ISBLANK(E48),"",M48)	=IF(ISBLANK(E48),"",LOOKUP(E48,$Actions.$B$2:$Actions.$B$1123,$Actions.$D$2:$Actions.$D$1123)&";;  ")	=IF(O48="","",IF(ISBLANK(N48),"","esac ;;  ")&UNICHAR(13)&UNICHAR(10))		
	Send Button				1	Note	0	70	0		12[0-7]) 	0)	127	=IF(CONCAT(C49:E49)="","",UNICHAR(34)&F49&" "&G49&" "&H49&" "&I49&UNICHAR(34)&" ) "&IF(N49="",""," case "&UNICHAR(34)&"$data2"&UNICHAR(34)&" in "))	=IF(ISBLANK(C49),"",K49)	=IF(ISBLANK(C49),"",LOOKUP(C49,$Actions.$B$2:$Actions.$B$1123,$Actions.$D$2:$Actions.$D$1123)&";;  ")	=IF(ISBLANK(D49),"",L49)	=IF(ISBLANK(D49),"",LOOKUP(D49,$Actions.$B$2:$Actions.$B$1123,$Actions.$D$2:$Actions.$D$1123)&";;  ")	=IF(ISBLANK(E49),"",M49)	=IF(ISBLANK(E49),"",LOOKUP(E49,$Actions.$B$2:$Actions.$B$1123,$Actions.$D$2:$Actions.$D$1123)&";;  ")	=IF(O49="","",IF(ISBLANK(N49),"","esac ;;  ")&UNICHAR(13)&UNICHAR(10))		
	Device Button				1	Note	0	71	0		12[0-7]) 	0)	127	=IF(CONCAT(C50:E50)="","",UNICHAR(34)&F50&" "&G50&" "&H50&" "&I50&UNICHAR(34)&" ) "&IF(N50="",""," case "&UNICHAR(34)&"$data2"&UNICHAR(34)&" in "))	=IF(ISBLANK(C50),"",K50)	=IF(ISBLANK(C50),"",LOOKUP(C50,$Actions.$B$2:$Actions.$B$1123,$Actions.$D$2:$Actions.$D$1123)&";;  ")	=IF(ISBLANK(D50),"",L50)	=IF(ISBLANK(D50),"",LOOKUP(D50,$Actions.$B$2:$Actions.$B$1123,$Actions.$D$2:$Actions.$D$1123)&";;  ")	=IF(ISBLANK(E50),"",M50)	=IF(ISBLANK(E50),"",LOOKUP(E50,$Actions.$B$2:$Actions.$B$1123,$Actions.$D$2:$Actions.$D$1123)&";;  ")	=IF(O50="","",IF(ISBLANK(N50),"","esac ;;  ")&UNICHAR(13)&UNICHAR(10))		
	Stop Button				1	Note	0	81	0		12[0-7]) 	0)	127	=IF(CONCAT(C51:E51)="","",UNICHAR(34)&F51&" "&G51&" "&H51&" "&I51&UNICHAR(34)&" ) "&IF(N51="",""," case "&UNICHAR(34)&"$data2"&UNICHAR(34)&" in "))	=IF(ISBLANK(C51),"",K51)	=IF(ISBLANK(C51),"",LOOKUP(C51,$Actions.$B$2:$Actions.$B$1123,$Actions.$D$2:$Actions.$D$1123)&";;  ")	=IF(ISBLANK(D51),"",L51)	=IF(ISBLANK(D51),"",LOOKUP(D51,$Actions.$B$2:$Actions.$B$1123,$Actions.$D$2:$Actions.$D$1123)&";;  ")	=IF(ISBLANK(E51),"",M51)	=IF(ISBLANK(E51),"",LOOKUP(E51,$Actions.$B$2:$Actions.$B$1123,$Actions.$D$2:$Actions.$D$1123)&";;  ")	=IF(O51="","",IF(ISBLANK(N51),"","esac ;;  ")&UNICHAR(13)&UNICHAR(10))		
	Shift Button		Sys Menu		1	Note	0	98	0		12[0-7]) 	0)	127	=IF(CONCAT(C52:E52)="","",UNICHAR(34)&F52&" "&G52&" "&H52&" "&I52&UNICHAR(34)&" ) "&IF(N52="",""," case "&UNICHAR(34)&"$data2"&UNICHAR(34)&" in "))	=IF(ISBLANK(C52),"",K52)	=IF(ISBLANK(C52),"",LOOKUP(C52,$Actions.$B$2:$Actions.$B$1123,$Actions.$D$2:$Actions.$D$1123)&";;  ")	=IF(ISBLANK(D52),"",L52)	=IF(ISBLANK(D52),"",LOOKUP(D52,$Actions.$B$2:$Actions.$B$1123,$Actions.$D$2:$Actions.$D$1123)&";;  ")	=IF(ISBLANK(E52),"",M52)	=IF(ISBLANK(E52),"",LOOKUP(E52,$Actions.$B$2:$Actions.$B$1123,$Actions.$D$2:$Actions.$D$1123)&";;  ")	=IF(O52="","",IF(ISBLANK(N52),"","esac ;;  ")&UNICHAR(13)&UNICHAR(10))		
	Play Button				1	Note	0	91	0		12[0-7]) 	0)	127	=IF(CONCAT(C53:E53)="","",UNICHAR(34)&F53&" "&G53&" "&H53&" "&I53&UNICHAR(34)&" ) "&IF(N53="",""," case "&UNICHAR(34)&"$data2"&UNICHAR(34)&" in "))	=IF(ISBLANK(C53),"",K53)	=IF(ISBLANK(C53),"",LOOKUP(C53,$Actions.$B$2:$Actions.$B$1123,$Actions.$D$2:$Actions.$D$1123)&";;  ")	=IF(ISBLANK(D53),"",L53)	=IF(ISBLANK(D53),"",LOOKUP(D53,$Actions.$B$2:$Actions.$B$1123,$Actions.$D$2:$Actions.$D$1123)&";;  ")	=IF(ISBLANK(E53),"",M53)	=IF(ISBLANK(E53),"",LOOKUP(E53,$Actions.$B$2:$Actions.$B$1123,$Actions.$D$2:$Actions.$D$1123)&";;  ")	=IF(O53="","",IF(ISBLANK(N53),"","esac ;;  ")&UNICHAR(13)&UNICHAR(10))		
	Record Button				1	Note	0	93	0		12[0-7]) 	0)	127	=IF(CONCAT(C54:E54)="","",UNICHAR(34)&F54&" "&G54&" "&H54&" "&I54&UNICHAR(34)&" ) "&IF(N54="",""," case "&UNICHAR(34)&"$data2"&UNICHAR(34)&" in "))	=IF(ISBLANK(C54),"",K54)	=IF(ISBLANK(C54),"",LOOKUP(C54,$Actions.$B$2:$Actions.$B$1123,$Actions.$D$2:$Actions.$D$1123)&";;  ")	=IF(ISBLANK(D54),"",L54)	=IF(ISBLANK(D54),"",LOOKUP(D54,$Actions.$B$2:$Actions.$B$1123,$Actions.$D$2:$Actions.$D$1123)&";;  ")	=IF(ISBLANK(E54),"",M54)	=IF(ISBLANK(E54),"",LOOKUP(E54,$Actions.$B$2:$Actions.$B$1123,$Actions.$D$2:$Actions.$D$1123)&";;  ")	=IF(O54="","",IF(ISBLANK(N54),"","esac ;;  ")&UNICHAR(13)&UNICHAR(10))		
APC Vert Buttons	Select Button				1	Note	0	86	0		12[0-7]) 	0)	127	=IF(CONCAT(C55:E55)="","",UNICHAR(34)&F55&" "&G55&" "&H55&" "&I55&UNICHAR(34)&" ) "&IF(N55="",""," case "&UNICHAR(34)&"$data2"&UNICHAR(34)&" in "))	=IF(ISBLANK(C55),"",K55)	=IF(ISBLANK(C55),"",LOOKUP(C55,$Actions.$B$2:$Actions.$B$1123,$Actions.$D$2:$Actions.$D$1123)&";;  ")	=IF(ISBLANK(D55),"",L55)	=IF(ISBLANK(D55),"",LOOKUP(D55,$Actions.$B$2:$Actions.$B$1123,$Actions.$D$2:$Actions.$D$1123)&";;  ")	=IF(ISBLANK(E55),"",M55)	=IF(ISBLANK(E55),"",LOOKUP(E55,$Actions.$B$2:$Actions.$B$1123,$Actions.$D$2:$Actions.$D$1123)&";;  ")	=IF(O55="","",IF(ISBLANK(N55),"","esac ;;  ")&UNICHAR(13)&UNICHAR(10))		
	Rec Arm Button				1	Note	0	85	0		12[0-7]) 	0)	127	=IF(CONCAT(C56:E56)="","",UNICHAR(34)&F56&" "&G56&" "&H56&" "&I56&UNICHAR(34)&" ) "&IF(N56="",""," case "&UNICHAR(34)&"$data2"&UNICHAR(34)&" in "))	=IF(ISBLANK(C56),"",K56)	=IF(ISBLANK(C56),"",LOOKUP(C56,$Actions.$B$2:$Actions.$B$1123,$Actions.$D$2:$Actions.$D$1123)&";;  ")	=IF(ISBLANK(D56),"",L56)	=IF(ISBLANK(D56),"",LOOKUP(D56,$Actions.$B$2:$Actions.$B$1123,$Actions.$D$2:$Actions.$D$1123)&";;  ")	=IF(ISBLANK(E56),"",M56)	=IF(ISBLANK(E56),"",LOOKUP(E56,$Actions.$B$2:$Actions.$B$1123,$Actions.$D$2:$Actions.$D$1123)&";;  ")	=IF(O56="","",IF(ISBLANK(N56),"","esac ;;  ")&UNICHAR(13)&UNICHAR(10))		
	Mute Button				1	Note	0	84	0		12[0-7]) 	0)	127	=IF(CONCAT(C57:E57)="","",UNICHAR(34)&F57&" "&G57&" "&H57&" "&I57&UNICHAR(34)&" ) "&IF(N57="",""," case "&UNICHAR(34)&"$data2"&UNICHAR(34)&" in "))	=IF(ISBLANK(C57),"",K57)	=IF(ISBLANK(C57),"",LOOKUP(C57,$Actions.$B$2:$Actions.$B$1123,$Actions.$D$2:$Actions.$D$1123)&";;  ")	=IF(ISBLANK(D57),"",L57)	=IF(ISBLANK(D57),"",LOOKUP(D57,$Actions.$B$2:$Actions.$B$1123,$Actions.$D$2:$Actions.$D$1123)&";;  ")	=IF(ISBLANK(E57),"",M57)	=IF(ISBLANK(E57),"",LOOKUP(E57,$Actions.$B$2:$Actions.$B$1123,$Actions.$D$2:$Actions.$D$1123)&";;  ")	=IF(O57="","",IF(ISBLANK(N57),"","esac ;;  ")&UNICHAR(13)&UNICHAR(10))		
	Solo Button				1	Note	0	83	0		12[0-7]) 	0)	127	=IF(CONCAT(C58:E58)="","",UNICHAR(34)&F58&" "&G58&" "&H58&" "&I58&UNICHAR(34)&" ) "&IF(N58="",""," case "&UNICHAR(34)&"$data2"&UNICHAR(34)&" in "))	=IF(ISBLANK(C58),"",K58)	=IF(ISBLANK(C58),"",LOOKUP(C58,$Actions.$B$2:$Actions.$B$1123,$Actions.$D$2:$Actions.$D$1123)&";;  ")	=IF(ISBLANK(D58),"",L58)	=IF(ISBLANK(D58),"",LOOKUP(D58,$Actions.$B$2:$Actions.$B$1123,$Actions.$D$2:$Actions.$D$1123)&";;  ")	=IF(ISBLANK(E58),"",M58)	=IF(ISBLANK(E58),"",LOOKUP(E58,$Actions.$B$2:$Actions.$B$1123,$Actions.$D$2:$Actions.$D$1123)&";;  ")	=IF(O58="","",IF(ISBLANK(N58),"","esac ;;  ")&UNICHAR(13)&UNICHAR(10))		
	Clip Button				1	Note	0	82	0		12[0-7]) 	0)	127	=IF(CONCAT(C59:E59)="","",UNICHAR(34)&F59&" "&G59&" "&H59&" "&I59&UNICHAR(34)&" ) "&IF(N59="",""," case "&UNICHAR(34)&"$data2"&UNICHAR(34)&" in "))	=IF(ISBLANK(C59),"",K59)	=IF(ISBLANK(C59),"",LOOKUP(C59,$Actions.$B$2:$Actions.$B$1123,$Actions.$D$2:$Actions.$D$1123)&";;  ")	=IF(ISBLANK(D59),"",L59)	=IF(ISBLANK(D59),"",LOOKUP(D59,$Actions.$B$2:$Actions.$B$1123,$Actions.$D$2:$Actions.$D$1123)&";;  ")	=IF(ISBLANK(E59),"",M59)	=IF(ISBLANK(E59),"",LOOKUP(E59,$Actions.$B$2:$Actions.$B$1123,$Actions.$D$2:$Actions.$D$1123)&";;  ")	=IF(O59="","",IF(ISBLANK(N59),"","esac ;;  ")&UNICHAR(13)&UNICHAR(10))		
APC Pad Row 1	A1,1		1		1	Note	0	0	0		12[0-7]) 	0)	127	=IF(CONCAT(C60:E60)="","",UNICHAR(34)&F60&" "&G60&" "&H60&" "&I60&UNICHAR(34)&" ) "&IF(N60="",""," case "&UNICHAR(34)&"$data2"&UNICHAR(34)&" in "))	=IF(ISBLANK(C60),"",K60)	=IF(ISBLANK(C60),"",LOOKUP(C60,$Actions.$B$2:$Actions.$B$1123,$Actions.$D$2:$Actions.$D$1123)&";;  ")	=IF(ISBLANK(D60),"",L60)	=IF(ISBLANK(D60),"",LOOKUP(D60,$Actions.$B$2:$Actions.$B$1123,$Actions.$D$2:$Actions.$D$1123)&";;  ")	=IF(ISBLANK(E60),"",M60)	=IF(ISBLANK(E60),"",LOOKUP(E60,$Actions.$B$2:$Actions.$B$1123,$Actions.$D$2:$Actions.$D$1123)&";;  ")	=IF(O60="","",IF(ISBLANK(N60),"","esac ;;  ")&UNICHAR(13)&UNICHAR(10))		
	A1,2		2		1	Note	0	1	0		12[0-7]) 	0)	127	=IF(CONCAT(C61:E61)="","",UNICHAR(34)&F61&" "&G61&" "&H61&" "&I61&UNICHAR(34)&" ) "&IF(N61="",""," case "&UNICHAR(34)&"$data2"&UNICHAR(34)&" in "))	=IF(ISBLANK(C61),"",K61)	=IF(ISBLANK(C61),"",LOOKUP(C61,$Actions.$B$2:$Actions.$B$1123,$Actions.$D$2:$Actions.$D$1123)&";;  ")	=IF(ISBLANK(D61),"",L61)	=IF(ISBLANK(D61),"",LOOKUP(D61,$Actions.$B$2:$Actions.$B$1123,$Actions.$D$2:$Actions.$D$1123)&";;  ")	=IF(ISBLANK(E61),"",M61)	=IF(ISBLANK(E61),"",LOOKUP(E61,$Actions.$B$2:$Actions.$B$1123,$Actions.$D$2:$Actions.$D$1123)&";;  ")	=IF(O61="","",IF(ISBLANK(N61),"","esac ;;  ")&UNICHAR(13)&UNICHAR(10))		
	A1,3		3		1	Note	0	2	0		12[0-7]) 	0)	127	=IF(CONCAT(C62:E62)="","",UNICHAR(34)&F62&" "&G62&" "&H62&" "&I62&UNICHAR(34)&" ) "&IF(N62="",""," case "&UNICHAR(34)&"$data2"&UNICHAR(34)&" in "))	=IF(ISBLANK(C62),"",K62)	=IF(ISBLANK(C62),"",LOOKUP(C62,$Actions.$B$2:$Actions.$B$1123,$Actions.$D$2:$Actions.$D$1123)&";;  ")	=IF(ISBLANK(D62),"",L62)	=IF(ISBLANK(D62),"",LOOKUP(D62,$Actions.$B$2:$Actions.$B$1123,$Actions.$D$2:$Actions.$D$1123)&";;  ")	=IF(ISBLANK(E62),"",M62)	=IF(ISBLANK(E62),"",LOOKUP(E62,$Actions.$B$2:$Actions.$B$1123,$Actions.$D$2:$Actions.$D$1123)&";;  ")	=IF(O62="","",IF(ISBLANK(N62),"","esac ;;  ")&UNICHAR(13)&UNICHAR(10))		
	A1,4		4		1	Note	0	3	0		12[0-7]) 	0)	127	=IF(CONCAT(C63:E63)="","",UNICHAR(34)&F63&" "&G63&" "&H63&" "&I63&UNICHAR(34)&" ) "&IF(N63="",""," case "&UNICHAR(34)&"$data2"&UNICHAR(34)&" in "))	=IF(ISBLANK(C63),"",K63)	=IF(ISBLANK(C63),"",LOOKUP(C63,$Actions.$B$2:$Actions.$B$1123,$Actions.$D$2:$Actions.$D$1123)&";;  ")	=IF(ISBLANK(D63),"",L63)	=IF(ISBLANK(D63),"",LOOKUP(D63,$Actions.$B$2:$Actions.$B$1123,$Actions.$D$2:$Actions.$D$1123)&";;  ")	=IF(ISBLANK(E63),"",M63)	=IF(ISBLANK(E63),"",LOOKUP(E63,$Actions.$B$2:$Actions.$B$1123,$Actions.$D$2:$Actions.$D$1123)&";;  ")	=IF(O63="","",IF(ISBLANK(N63),"","esac ;;  ")&UNICHAR(13)&UNICHAR(10))		
	A1,5		5		1	Note	0	4	0		12[0-7]) 	0)	127	=IF(CONCAT(C64:E64)="","",UNICHAR(34)&F64&" "&G64&" "&H64&" "&I64&UNICHAR(34)&" ) "&IF(N64="",""," case "&UNICHAR(34)&"$data2"&UNICHAR(34)&" in "))	=IF(ISBLANK(C64),"",K64)	=IF(ISBLANK(C64),"",LOOKUP(C64,$Actions.$B$2:$Actions.$B$1123,$Actions.$D$2:$Actions.$D$1123)&";;  ")	=IF(ISBLANK(D64),"",L64)	=IF(ISBLANK(D64),"",LOOKUP(D64,$Actions.$B$2:$Actions.$B$1123,$Actions.$D$2:$Actions.$D$1123)&";;  ")	=IF(ISBLANK(E64),"",M64)	=IF(ISBLANK(E64),"",LOOKUP(E64,$Actions.$B$2:$Actions.$B$1123,$Actions.$D$2:$Actions.$D$1123)&";;  ")	=IF(O64="","",IF(ISBLANK(N64),"","esac ;;  ")&UNICHAR(13)&UNICHAR(10))		
	A1,6		6		1	Note	0	5	0		12[0-7]) 	0)	127	=IF(CONCAT(C65:E65)="","",UNICHAR(34)&F65&" "&G65&" "&H65&" "&I65&UNICHAR(34)&" ) "&IF(N65="",""," case "&UNICHAR(34)&"$data2"&UNICHAR(34)&" in "))	=IF(ISBLANK(C65),"",K65)	=IF(ISBLANK(C65),"",LOOKUP(C65,$Actions.$B$2:$Actions.$B$1123,$Actions.$D$2:$Actions.$D$1123)&";;  ")	=IF(ISBLANK(D65),"",L65)	=IF(ISBLANK(D65),"",LOOKUP(D65,$Actions.$B$2:$Actions.$B$1123,$Actions.$D$2:$Actions.$D$1123)&";;  ")	=IF(ISBLANK(E65),"",M65)	=IF(ISBLANK(E65),"",LOOKUP(E65,$Actions.$B$2:$Actions.$B$1123,$Actions.$D$2:$Actions.$D$1123)&";;  ")	=IF(O65="","",IF(ISBLANK(N65),"","esac ;;  ")&UNICHAR(13)&UNICHAR(10))		
	A1,7		7		1	Note	0	6	0		12[0-7]) 	0)	127	=IF(CONCAT(C66:E66)="","",UNICHAR(34)&F66&" "&G66&" "&H66&" "&I66&UNICHAR(34)&" ) "&IF(N66="",""," case "&UNICHAR(34)&"$data2"&UNICHAR(34)&" in "))	=IF(ISBLANK(C66),"",K66)	=IF(ISBLANK(C66),"",LOOKUP(C66,$Actions.$B$2:$Actions.$B$1123,$Actions.$D$2:$Actions.$D$1123)&";;  ")	=IF(ISBLANK(D66),"",L66)	=IF(ISBLANK(D66),"",LOOKUP(D66,$Actions.$B$2:$Actions.$B$1123,$Actions.$D$2:$Actions.$D$1123)&";;  ")	=IF(ISBLANK(E66),"",M66)	=IF(ISBLANK(E66),"",LOOKUP(E66,$Actions.$B$2:$Actions.$B$1123,$Actions.$D$2:$Actions.$D$1123)&";;  ")	=IF(O66="","",IF(ISBLANK(N66),"","esac ;;  ")&UNICHAR(13)&UNICHAR(10))		
	A1,8		8		1	Note	0	7	0		12[0-7]) 	0)	127	=IF(CONCAT(C67:E67)="","",UNICHAR(34)&F67&" "&G67&" "&H67&" "&I67&UNICHAR(34)&" ) "&IF(N67="",""," case "&UNICHAR(34)&"$data2"&UNICHAR(34)&" in "))	=IF(ISBLANK(C67),"",K67)	=IF(ISBLANK(C67),"",LOOKUP(C67,$Actions.$B$2:$Actions.$B$1123,$Actions.$D$2:$Actions.$D$1123)&";;  ")	=IF(ISBLANK(D67),"",L67)	=IF(ISBLANK(D67),"",LOOKUP(D67,$Actions.$B$2:$Actions.$B$1123,$Actions.$D$2:$Actions.$D$1123)&";;  ")	=IF(ISBLANK(E67),"",M67)	=IF(ISBLANK(E67),"",LOOKUP(E67,$Actions.$B$2:$Actions.$B$1123,$Actions.$D$2:$Actions.$D$1123)&";;  ")	=IF(O67="","",IF(ISBLANK(N67),"","esac ;;  ")&UNICHAR(13)&UNICHAR(10))		
APC Pad Row 2	A2,1		0		1	Note	0	8	0		12[0-7]) 	0)	127	=IF(CONCAT(C68:E68)="","",UNICHAR(34)&F68&" "&G68&" "&H68&" "&I68&UNICHAR(34)&" ) "&IF(N68="",""," case "&UNICHAR(34)&"$data2"&UNICHAR(34)&" in "))	=IF(ISBLANK(C68),"",K68)	=IF(ISBLANK(C68),"",LOOKUP(C68,$Actions.$B$2:$Actions.$B$1123,$Actions.$D$2:$Actions.$D$1123)&";;  ")	=IF(ISBLANK(D68),"",L68)	=IF(ISBLANK(D68),"",LOOKUP(D68,$Actions.$B$2:$Actions.$B$1123,$Actions.$D$2:$Actions.$D$1123)&";;  ")	=IF(ISBLANK(E68),"",M68)	=IF(ISBLANK(E68),"",LOOKUP(E68,$Actions.$B$2:$Actions.$B$1123,$Actions.$D$2:$Actions.$D$1123)&";;  ")	=IF(O68="","",IF(ISBLANK(N68),"","esac ;;  ")&UNICHAR(13)&UNICHAR(10))		
	A2,2		Plus		1	Note	0	9	0		12[0-7]) 	0)	127	=IF(CONCAT(C69:E69)="","",UNICHAR(34)&F69&" "&G69&" "&H69&" "&I69&UNICHAR(34)&" ) "&IF(N69="",""," case "&UNICHAR(34)&"$data2"&UNICHAR(34)&" in "))	=IF(ISBLANK(C69),"",K69)	=IF(ISBLANK(C69),"",LOOKUP(C69,$Actions.$B$2:$Actions.$B$1123,$Actions.$D$2:$Actions.$D$1123)&";;  ")	=IF(ISBLANK(D69),"",L69)	=IF(ISBLANK(D69),"",LOOKUP(D69,$Actions.$B$2:$Actions.$B$1123,$Actions.$D$2:$Actions.$D$1123)&";;  ")	=IF(ISBLANK(E69),"",M69)	=IF(ISBLANK(E69),"",LOOKUP(E69,$Actions.$B$2:$Actions.$B$1123,$Actions.$D$2:$Actions.$D$1123)&";;  ")	=IF(O69="","",IF(ISBLANK(N69),"","esac ;;  ")&UNICHAR(13)&UNICHAR(10))		
	A2,3		Minus		1	Note	0	10	0		12[0-7]) 	0)	127	=IF(CONCAT(C70:E70)="","",UNICHAR(34)&F70&" "&G70&" "&H70&" "&I70&UNICHAR(34)&" ) "&IF(N70="",""," case "&UNICHAR(34)&"$data2"&UNICHAR(34)&" in "))	=IF(ISBLANK(C70),"",K70)	=IF(ISBLANK(C70),"",LOOKUP(C70,$Actions.$B$2:$Actions.$B$1123,$Actions.$D$2:$Actions.$D$1123)&";;  ")	=IF(ISBLANK(D70),"",L70)	=IF(ISBLANK(D70),"",LOOKUP(D70,$Actions.$B$2:$Actions.$B$1123,$Actions.$D$2:$Actions.$D$1123)&";;  ")	=IF(ISBLANK(E70),"",M70)	=IF(ISBLANK(E70),"",LOOKUP(E70,$Actions.$B$2:$Actions.$B$1123,$Actions.$D$2:$Actions.$D$1123)&";;  ")	=IF(O70="","",IF(ISBLANK(N70),"","esac ;;  ")&UNICHAR(13)&UNICHAR(10))		
	A2,4		Asterisk		1	Note	0	11	0		12[0-7]) 	0)	127	=IF(CONCAT(C71:E71)="","",UNICHAR(34)&F71&" "&G71&" "&H71&" "&I71&UNICHAR(34)&" ) "&IF(N71="",""," case "&UNICHAR(34)&"$data2"&UNICHAR(34)&" in "))	=IF(ISBLANK(C71),"",K71)	=IF(ISBLANK(C71),"",LOOKUP(C71,$Actions.$B$2:$Actions.$B$1123,$Actions.$D$2:$Actions.$D$1123)&";;  ")	=IF(ISBLANK(D71),"",L71)	=IF(ISBLANK(D71),"",LOOKUP(D71,$Actions.$B$2:$Actions.$B$1123,$Actions.$D$2:$Actions.$D$1123)&";;  ")	=IF(ISBLANK(E71),"",M71)	=IF(ISBLANK(E71),"",LOOKUP(E71,$Actions.$B$2:$Actions.$B$1123,$Actions.$D$2:$Actions.$D$1123)&";;  ")	=IF(O71="","",IF(ISBLANK(N71),"","esac ;;  ")&UNICHAR(13)&UNICHAR(10))		
	A2,5		Slash		1	Note	0	12	0		12[0-7]) 	0)	127	=IF(CONCAT(C72:E72)="","",UNICHAR(34)&F72&" "&G72&" "&H72&" "&I72&UNICHAR(34)&" ) "&IF(N72="",""," case "&UNICHAR(34)&"$data2"&UNICHAR(34)&" in "))	=IF(ISBLANK(C72),"",K72)	=IF(ISBLANK(C72),"",LOOKUP(C72,$Actions.$B$2:$Actions.$B$1123,$Actions.$D$2:$Actions.$D$1123)&";;  ")	=IF(ISBLANK(D72),"",L72)	=IF(ISBLANK(D72),"",LOOKUP(D72,$Actions.$B$2:$Actions.$B$1123,$Actions.$D$2:$Actions.$D$1123)&";;  ")	=IF(ISBLANK(E72),"",M72)	=IF(ISBLANK(E72),"",LOOKUP(E72,$Actions.$B$2:$Actions.$B$1123,$Actions.$D$2:$Actions.$D$1123)&";;  ")	=IF(O72="","",IF(ISBLANK(N72),"","esac ;;  ")&UNICHAR(13)&UNICHAR(10))		
	A2,6		Period		1	Note	0	13	0		12[0-7]) 	0)	127	=IF(CONCAT(C73:E73)="","",UNICHAR(34)&F73&" "&G73&" "&H73&" "&I73&UNICHAR(34)&" ) "&IF(N73="",""," case "&UNICHAR(34)&"$data2"&UNICHAR(34)&" in "))	=IF(ISBLANK(C73),"",K73)	=IF(ISBLANK(C73),"",LOOKUP(C73,$Actions.$B$2:$Actions.$B$1123,$Actions.$D$2:$Actions.$D$1123)&";;  ")	=IF(ISBLANK(D73),"",L73)	=IF(ISBLANK(D73),"",LOOKUP(D73,$Actions.$B$2:$Actions.$B$1123,$Actions.$D$2:$Actions.$D$1123)&";;  ")	=IF(ISBLANK(E73),"",M73)	=IF(ISBLANK(E73),"",LOOKUP(E73,$Actions.$B$2:$Actions.$B$1123,$Actions.$D$2:$Actions.$D$1123)&";;  ")	=IF(O73="","",IF(ISBLANK(N73),"","esac ;;  ")&UNICHAR(13)&UNICHAR(10))		
	A2,7		Comma		1	Note	0	14	0		12[0-7]) 	0)	127	=IF(CONCAT(C74:E74)="","",UNICHAR(34)&F74&" "&G74&" "&H74&" "&I74&UNICHAR(34)&" ) "&IF(N74="",""," case "&UNICHAR(34)&"$data2"&UNICHAR(34)&" in "))	=IF(ISBLANK(C74),"",K74)	=IF(ISBLANK(C74),"",LOOKUP(C74,$Actions.$B$2:$Actions.$B$1123,$Actions.$D$2:$Actions.$D$1123)&";;  ")	=IF(ISBLANK(D74),"",L74)	=IF(ISBLANK(D74),"",LOOKUP(D74,$Actions.$B$2:$Actions.$B$1123,$Actions.$D$2:$Actions.$D$1123)&";;  ")	=IF(ISBLANK(E74),"",M74)	=IF(ISBLANK(E74),"",LOOKUP(E74,$Actions.$B$2:$Actions.$B$1123,$Actions.$D$2:$Actions.$D$1123)&";;  ")	=IF(O74="","",IF(ISBLANK(N74),"","esac ;;  ")&UNICHAR(13)&UNICHAR(10))		
	A2,8		9		1	Note	0	15	0		12[0-7]) 	0)	127	=IF(CONCAT(C75:E75)="","",UNICHAR(34)&F75&" "&G75&" "&H75&" "&I75&UNICHAR(34)&" ) "&IF(N75="",""," case "&UNICHAR(34)&"$data2"&UNICHAR(34)&" in "))	=IF(ISBLANK(C75),"",K75)	=IF(ISBLANK(C75),"",LOOKUP(C75,$Actions.$B$2:$Actions.$B$1123,$Actions.$D$2:$Actions.$D$1123)&";;  ")	=IF(ISBLANK(D75),"",L75)	=IF(ISBLANK(D75),"",LOOKUP(D75,$Actions.$B$2:$Actions.$B$1123,$Actions.$D$2:$Actions.$D$1123)&";;  ")	=IF(ISBLANK(E75),"",M75)	=IF(ISBLANK(E75),"",LOOKUP(E75,$Actions.$B$2:$Actions.$B$1123,$Actions.$D$2:$Actions.$D$1123)&";;  ")	=IF(O75="","",IF(ISBLANK(N75),"","esac ;;  ")&UNICHAR(13)&UNICHAR(10))		
APC Pad Row 3	A3,1		F13		1	Note	0	16	0		12[0-7]) 	0)	127	=IF(CONCAT(C76:E76)="","",UNICHAR(34)&F76&" "&G76&" "&H76&" "&I76&UNICHAR(34)&" ) "&IF(N76="",""," case "&UNICHAR(34)&"$data2"&UNICHAR(34)&" in "))	=IF(ISBLANK(C76),"",K76)	=IF(ISBLANK(C76),"",LOOKUP(C76,$Actions.$B$2:$Actions.$B$1123,$Actions.$D$2:$Actions.$D$1123)&";;  ")	=IF(ISBLANK(D76),"",L76)	=IF(ISBLANK(D76),"",LOOKUP(D76,$Actions.$B$2:$Actions.$B$1123,$Actions.$D$2:$Actions.$D$1123)&";;  ")	=IF(ISBLANK(E76),"",M76)	=IF(ISBLANK(E76),"",LOOKUP(E76,$Actions.$B$2:$Actions.$B$1123,$Actions.$D$2:$Actions.$D$1123)&";;  ")	=IF(O76="","",IF(ISBLANK(N76),"","esac ;;  ")&UNICHAR(13)&UNICHAR(10))		
	A3,2		F14		1	Note	0	17	0		12[0-7]) 	0)	127	=IF(CONCAT(C77:E77)="","",UNICHAR(34)&F77&" "&G77&" "&H77&" "&I77&UNICHAR(34)&" ) "&IF(N77="",""," case "&UNICHAR(34)&"$data2"&UNICHAR(34)&" in "))	=IF(ISBLANK(C77),"",K77)	=IF(ISBLANK(C77),"",LOOKUP(C77,$Actions.$B$2:$Actions.$B$1123,$Actions.$D$2:$Actions.$D$1123)&";;  ")	=IF(ISBLANK(D77),"",L77)	=IF(ISBLANK(D77),"",LOOKUP(D77,$Actions.$B$2:$Actions.$B$1123,$Actions.$D$2:$Actions.$D$1123)&";;  ")	=IF(ISBLANK(E77),"",M77)	=IF(ISBLANK(E77),"",LOOKUP(E77,$Actions.$B$2:$Actions.$B$1123,$Actions.$D$2:$Actions.$D$1123)&";;  ")	=IF(O77="","",IF(ISBLANK(N77),"","esac ;;  ")&UNICHAR(13)&UNICHAR(10))		
	A3,3		F15		1	Note	0	18	0		12[0-7]) 	0)	127	=IF(CONCAT(C78:E78)="","",UNICHAR(34)&F78&" "&G78&" "&H78&" "&I78&UNICHAR(34)&" ) "&IF(N78="",""," case "&UNICHAR(34)&"$data2"&UNICHAR(34)&" in "))	=IF(ISBLANK(C78),"",K78)	=IF(ISBLANK(C78),"",LOOKUP(C78,$Actions.$B$2:$Actions.$B$1123,$Actions.$D$2:$Actions.$D$1123)&";;  ")	=IF(ISBLANK(D78),"",L78)	=IF(ISBLANK(D78),"",LOOKUP(D78,$Actions.$B$2:$Actions.$B$1123,$Actions.$D$2:$Actions.$D$1123)&";;  ")	=IF(ISBLANK(E78),"",M78)	=IF(ISBLANK(E78),"",LOOKUP(E78,$Actions.$B$2:$Actions.$B$1123,$Actions.$D$2:$Actions.$D$1123)&";;  ")	=IF(O78="","",IF(ISBLANK(N78),"","esac ;;  ")&UNICHAR(13)&UNICHAR(10))		
	A3,4		F16		1	Note	0	19	0		12[0-7]) 	0)	127	=IF(CONCAT(C79:E79)="","",UNICHAR(34)&F79&" "&G79&" "&H79&" "&I79&UNICHAR(34)&" ) "&IF(N79="",""," case "&UNICHAR(34)&"$data2"&UNICHAR(34)&" in "))	=IF(ISBLANK(C79),"",K79)	=IF(ISBLANK(C79),"",LOOKUP(C79,$Actions.$B$2:$Actions.$B$1123,$Actions.$D$2:$Actions.$D$1123)&";;  ")	=IF(ISBLANK(D79),"",L79)	=IF(ISBLANK(D79),"",LOOKUP(D79,$Actions.$B$2:$Actions.$B$1123,$Actions.$D$2:$Actions.$D$1123)&";;  ")	=IF(ISBLANK(E79),"",M79)	=IF(ISBLANK(E79),"",LOOKUP(E79,$Actions.$B$2:$Actions.$B$1123,$Actions.$D$2:$Actions.$D$1123)&";;  ")	=IF(O79="","",IF(ISBLANK(N79),"","esac ;;  ")&UNICHAR(13)&UNICHAR(10))		
	A3,5		Alt F13		1	Note	0	20	0		12[0-7]) 	0)	127	=IF(CONCAT(C80:E80)="","",UNICHAR(34)&F80&" "&G80&" "&H80&" "&I80&UNICHAR(34)&" ) "&IF(N80="",""," case "&UNICHAR(34)&"$data2"&UNICHAR(34)&" in "))	=IF(ISBLANK(C80),"",K80)	=IF(ISBLANK(C80),"",LOOKUP(C80,$Actions.$B$2:$Actions.$B$1123,$Actions.$D$2:$Actions.$D$1123)&";;  ")	=IF(ISBLANK(D80),"",L80)	=IF(ISBLANK(D80),"",LOOKUP(D80,$Actions.$B$2:$Actions.$B$1123,$Actions.$D$2:$Actions.$D$1123)&";;  ")	=IF(ISBLANK(E80),"",M80)	=IF(ISBLANK(E80),"",LOOKUP(E80,$Actions.$B$2:$Actions.$B$1123,$Actions.$D$2:$Actions.$D$1123)&";;  ")	=IF(O80="","",IF(ISBLANK(N80),"","esac ;;  ")&UNICHAR(13)&UNICHAR(10))		
	A3,6		Mouse SW		1	Note	0	21	0		12[0-7]) 	0)	127	=IF(CONCAT(C81:E81)="","",UNICHAR(34)&F81&" "&G81&" "&H81&" "&I81&UNICHAR(34)&" ) "&IF(N81="",""," case "&UNICHAR(34)&"$data2"&UNICHAR(34)&" in "))	=IF(ISBLANK(C81),"",K81)	=IF(ISBLANK(C81),"",LOOKUP(C81,$Actions.$B$2:$Actions.$B$1123,$Actions.$D$2:$Actions.$D$1123)&";;  ")	=IF(ISBLANK(D81),"",L81)	=IF(ISBLANK(D81),"",LOOKUP(D81,$Actions.$B$2:$Actions.$B$1123,$Actions.$D$2:$Actions.$D$1123)&";;  ")	=IF(ISBLANK(E81),"",M81)	=IF(ISBLANK(E81),"",LOOKUP(E81,$Actions.$B$2:$Actions.$B$1123,$Actions.$D$2:$Actions.$D$1123)&";;  ")	=IF(O81="","",IF(ISBLANK(N81),"","esac ;;  ")&UNICHAR(13)&UNICHAR(10))		
	A3,7		Mouse Down		1	Note	0	22	0		12[0-7]) 	0)	127	=IF(CONCAT(C82:E82)="","",UNICHAR(34)&F82&" "&G82&" "&H82&" "&I82&UNICHAR(34)&" ) "&IF(N82="",""," case "&UNICHAR(34)&"$data2"&UNICHAR(34)&" in "))	=IF(ISBLANK(C82),"",K82)	=IF(ISBLANK(C82),"",LOOKUP(C82,$Actions.$B$2:$Actions.$B$1123,$Actions.$D$2:$Actions.$D$1123)&";;  ")	=IF(ISBLANK(D82),"",L82)	=IF(ISBLANK(D82),"",LOOKUP(D82,$Actions.$B$2:$Actions.$B$1123,$Actions.$D$2:$Actions.$D$1123)&";;  ")	=IF(ISBLANK(E82),"",M82)	=IF(ISBLANK(E82),"",LOOKUP(E82,$Actions.$B$2:$Actions.$B$1123,$Actions.$D$2:$Actions.$D$1123)&";;  ")	=IF(O82="","",IF(ISBLANK(N82),"","esac ;;  ")&UNICHAR(13)&UNICHAR(10))		
	A3,8		Mouse SE		1	Note	0	23	0		12[0-7]) 	0)	127	=IF(CONCAT(C83:E83)="","",UNICHAR(34)&F83&" "&G83&" "&H83&" "&I83&UNICHAR(34)&" ) "&IF(N83="",""," case "&UNICHAR(34)&"$data2"&UNICHAR(34)&" in "))	=IF(ISBLANK(C83),"",K83)	=IF(ISBLANK(C83),"",LOOKUP(C83,$Actions.$B$2:$Actions.$B$1123,$Actions.$D$2:$Actions.$D$1123)&";;  ")	=IF(ISBLANK(D83),"",L83)	=IF(ISBLANK(D83),"",LOOKUP(D83,$Actions.$B$2:$Actions.$B$1123,$Actions.$D$2:$Actions.$D$1123)&";;  ")	=IF(ISBLANK(E83),"",M83)	=IF(ISBLANK(E83),"",LOOKUP(E83,$Actions.$B$2:$Actions.$B$1123,$Actions.$D$2:$Actions.$D$1123)&";;  ")	=IF(O83="","",IF(ISBLANK(N83),"","esac ;;  ")&UNICHAR(13)&UNICHAR(10))		
APC Pad Row 4	A4,1		Control Alt F1		1	Note	0	24	0		12[0-7]) 	0)	127	=IF(CONCAT(C84:E84)="","",UNICHAR(34)&F84&" "&G84&" "&H84&" "&I84&UNICHAR(34)&" ) "&IF(N84="",""," case "&UNICHAR(34)&"$data2"&UNICHAR(34)&" in "))	=IF(ISBLANK(C84),"",K84)	=IF(ISBLANK(C84),"",LOOKUP(C84,$Actions.$B$2:$Actions.$B$1123,$Actions.$D$2:$Actions.$D$1123)&";;  ")	=IF(ISBLANK(D84),"",L84)	=IF(ISBLANK(D84),"",LOOKUP(D84,$Actions.$B$2:$Actions.$B$1123,$Actions.$D$2:$Actions.$D$1123)&";;  ")	=IF(ISBLANK(E84),"",M84)	=IF(ISBLANK(E84),"",LOOKUP(E84,$Actions.$B$2:$Actions.$B$1123,$Actions.$D$2:$Actions.$D$1123)&";;  ")	=IF(O84="","",IF(ISBLANK(N84),"","esac ;;  ")&UNICHAR(13)&UNICHAR(10))		
	A4,2		Control Alt F2		1	Note	0	25	0		12[0-7]) 	0)	127	=IF(CONCAT(C85:E85)="","",UNICHAR(34)&F85&" "&G85&" "&H85&" "&I85&UNICHAR(34)&" ) "&IF(N85="",""," case "&UNICHAR(34)&"$data2"&UNICHAR(34)&" in "))	=IF(ISBLANK(C85),"",K85)	=IF(ISBLANK(C85),"",LOOKUP(C85,$Actions.$B$2:$Actions.$B$1123,$Actions.$D$2:$Actions.$D$1123)&";;  ")	=IF(ISBLANK(D85),"",L85)	=IF(ISBLANK(D85),"",LOOKUP(D85,$Actions.$B$2:$Actions.$B$1123,$Actions.$D$2:$Actions.$D$1123)&";;  ")	=IF(ISBLANK(E85),"",M85)	=IF(ISBLANK(E85),"",LOOKUP(E85,$Actions.$B$2:$Actions.$B$1123,$Actions.$D$2:$Actions.$D$1123)&";;  ")	=IF(O85="","",IF(ISBLANK(N85),"","esac ;;  ")&UNICHAR(13)&UNICHAR(10))		
	A4,3		Control Alt F3		1	Note	0	26	0		12[0-7]) 	0)	127	=IF(CONCAT(C86:E86)="","",UNICHAR(34)&F86&" "&G86&" "&H86&" "&I86&UNICHAR(34)&" ) "&IF(N86="",""," case "&UNICHAR(34)&"$data2"&UNICHAR(34)&" in "))	=IF(ISBLANK(C86),"",K86)	=IF(ISBLANK(C86),"",LOOKUP(C86,$Actions.$B$2:$Actions.$B$1123,$Actions.$D$2:$Actions.$D$1123)&";;  ")	=IF(ISBLANK(D86),"",L86)	=IF(ISBLANK(D86),"",LOOKUP(D86,$Actions.$B$2:$Actions.$B$1123,$Actions.$D$2:$Actions.$D$1123)&";;  ")	=IF(ISBLANK(E86),"",M86)	=IF(ISBLANK(E86),"",LOOKUP(E86,$Actions.$B$2:$Actions.$B$1123,$Actions.$D$2:$Actions.$D$1123)&";;  ")	=IF(O86="","",IF(ISBLANK(N86),"","esac ;;  ")&UNICHAR(13)&UNICHAR(10))		
	A4,4		Control Alt F4		1	Note	0	27	0		12[0-7]) 	0)	127	=IF(CONCAT(C87:E87)="","",UNICHAR(34)&F87&" "&G87&" "&H87&" "&I87&UNICHAR(34)&" ) "&IF(N87="",""," case "&UNICHAR(34)&"$data2"&UNICHAR(34)&" in "))	=IF(ISBLANK(C87),"",K87)	=IF(ISBLANK(C87),"",LOOKUP(C87,$Actions.$B$2:$Actions.$B$1123,$Actions.$D$2:$Actions.$D$1123)&";;  ")	=IF(ISBLANK(D87),"",L87)	=IF(ISBLANK(D87),"",LOOKUP(D87,$Actions.$B$2:$Actions.$B$1123,$Actions.$D$2:$Actions.$D$1123)&";;  ")	=IF(ISBLANK(E87),"",M87)	=IF(ISBLANK(E87),"",LOOKUP(E87,$Actions.$B$2:$Actions.$B$1123,$Actions.$D$2:$Actions.$D$1123)&";;  ")	=IF(O87="","",IF(ISBLANK(N87),"","esac ;;  ")&UNICHAR(13)&UNICHAR(10))		
	A4,5		Control Alt F5		1	Note	0	28	0		12[0-7]) 	0)	127	=IF(CONCAT(C88:E88)="","",UNICHAR(34)&F88&" "&G88&" "&H88&" "&I88&UNICHAR(34)&" ) "&IF(N88="",""," case "&UNICHAR(34)&"$data2"&UNICHAR(34)&" in "))	=IF(ISBLANK(C88),"",K88)	=IF(ISBLANK(C88),"",LOOKUP(C88,$Actions.$B$2:$Actions.$B$1123,$Actions.$D$2:$Actions.$D$1123)&";;  ")	=IF(ISBLANK(D88),"",L88)	=IF(ISBLANK(D88),"",LOOKUP(D88,$Actions.$B$2:$Actions.$B$1123,$Actions.$D$2:$Actions.$D$1123)&";;  ")	=IF(ISBLANK(E88),"",M88)	=IF(ISBLANK(E88),"",LOOKUP(E88,$Actions.$B$2:$Actions.$B$1123,$Actions.$D$2:$Actions.$D$1123)&";;  ")	=IF(O88="","",IF(ISBLANK(N88),"","esac ;;  ")&UNICHAR(13)&UNICHAR(10))		
	A4,6		Mouse Left 		1	Note	0	29	0		12[0-7]) 	0)	127	=IF(CONCAT(C89:E89)="","",UNICHAR(34)&F89&" "&G89&" "&H89&" "&I89&UNICHAR(34)&" ) "&IF(N89="",""," case "&UNICHAR(34)&"$data2"&UNICHAR(34)&" in "))	=IF(ISBLANK(C89),"",K89)	=IF(ISBLANK(C89),"",LOOKUP(C89,$Actions.$B$2:$Actions.$B$1123,$Actions.$D$2:$Actions.$D$1123)&";;  ")	=IF(ISBLANK(D89),"",L89)	=IF(ISBLANK(D89),"",LOOKUP(D89,$Actions.$B$2:$Actions.$B$1123,$Actions.$D$2:$Actions.$D$1123)&";;  ")	=IF(ISBLANK(E89),"",M89)	=IF(ISBLANK(E89),"",LOOKUP(E89,$Actions.$B$2:$Actions.$B$1123,$Actions.$D$2:$Actions.$D$1123)&";;  ")	=IF(O89="","",IF(ISBLANK(N89),"","esac ;;  ")&UNICHAR(13)&UNICHAR(10))		
	A4,7		Click 1		1	Note	0	30	0		12[0-7]) 	0)	127	=IF(CONCAT(C90:E90)="","",UNICHAR(34)&F90&" "&G90&" "&H90&" "&I90&UNICHAR(34)&" ) "&IF(N90="",""," case "&UNICHAR(34)&"$data2"&UNICHAR(34)&" in "))	=IF(ISBLANK(C90),"",K90)	=IF(ISBLANK(C90),"",LOOKUP(C90,$Actions.$B$2:$Actions.$B$1123,$Actions.$D$2:$Actions.$D$1123)&";;  ")	=IF(ISBLANK(D90),"",L90)	=IF(ISBLANK(D90),"",LOOKUP(D90,$Actions.$B$2:$Actions.$B$1123,$Actions.$D$2:$Actions.$D$1123)&";;  ")	=IF(ISBLANK(E90),"",M90)	=IF(ISBLANK(E90),"",LOOKUP(E90,$Actions.$B$2:$Actions.$B$1123,$Actions.$D$2:$Actions.$D$1123)&";;  ")	=IF(O90="","",IF(ISBLANK(N90),"","esac ;;  ")&UNICHAR(13)&UNICHAR(10))		
	A4,8		Mouse Right		1	Note	0	31	0		12[0-7]) 	0)	127	=IF(CONCAT(C91:E91)="","",UNICHAR(34)&F91&" "&G91&" "&H91&" "&I91&UNICHAR(34)&" ) "&IF(N91="",""," case "&UNICHAR(34)&"$data2"&UNICHAR(34)&" in "))	=IF(ISBLANK(C91),"",K91)	=IF(ISBLANK(C91),"",LOOKUP(C91,$Actions.$B$2:$Actions.$B$1123,$Actions.$D$2:$Actions.$D$1123)&";;  ")	=IF(ISBLANK(D91),"",L91)	=IF(ISBLANK(D91),"",LOOKUP(D91,$Actions.$B$2:$Actions.$B$1123,$Actions.$D$2:$Actions.$D$1123)&";;  ")	=IF(ISBLANK(E91),"",M91)	=IF(ISBLANK(E91),"",LOOKUP(E91,$Actions.$B$2:$Actions.$B$1123,$Actions.$D$2:$Actions.$D$1123)&";;  ")	=IF(O91="","",IF(ISBLANK(N91),"","esac ;;  ")&UNICHAR(13)&UNICHAR(10))		
APC Pad Row 5	A5,1		Launch App 1		1	Note	0	32	0		12[0-7]) 	0)	127	=IF(CONCAT(C92:E92)="","",UNICHAR(34)&F92&" "&G92&" "&H92&" "&I92&UNICHAR(34)&" ) "&IF(N92="",""," case "&UNICHAR(34)&"$data2"&UNICHAR(34)&" in "))	=IF(ISBLANK(C92),"",K92)	=IF(ISBLANK(C92),"",LOOKUP(C92,$Actions.$B$2:$Actions.$B$1123,$Actions.$D$2:$Actions.$D$1123)&";;  ")	=IF(ISBLANK(D92),"",L92)	=IF(ISBLANK(D92),"",LOOKUP(D92,$Actions.$B$2:$Actions.$B$1123,$Actions.$D$2:$Actions.$D$1123)&";;  ")	=IF(ISBLANK(E92),"",M92)	=IF(ISBLANK(E92),"",LOOKUP(E92,$Actions.$B$2:$Actions.$B$1123,$Actions.$D$2:$Actions.$D$1123)&";;  ")	=IF(O92="","",IF(ISBLANK(N92),"","esac ;;  ")&UNICHAR(13)&UNICHAR(10))		
	A5,2		Launch App 2		1	Note	0	33	0		12[0-7]) 	0)	127	=IF(CONCAT(C93:E93)="","",UNICHAR(34)&F93&" "&G93&" "&H93&" "&I93&UNICHAR(34)&" ) "&IF(N93="",""," case "&UNICHAR(34)&"$data2"&UNICHAR(34)&" in "))	=IF(ISBLANK(C93),"",K93)	=IF(ISBLANK(C93),"",LOOKUP(C93,$Actions.$B$2:$Actions.$B$1123,$Actions.$D$2:$Actions.$D$1123)&";;  ")	=IF(ISBLANK(D93),"",L93)	=IF(ISBLANK(D93),"",LOOKUP(D93,$Actions.$B$2:$Actions.$B$1123,$Actions.$D$2:$Actions.$D$1123)&";;  ")	=IF(ISBLANK(E93),"",M93)	=IF(ISBLANK(E93),"",LOOKUP(E93,$Actions.$B$2:$Actions.$B$1123,$Actions.$D$2:$Actions.$D$1123)&";;  ")	=IF(O93="","",IF(ISBLANK(N93),"","esac ;;  ")&UNICHAR(13)&UNICHAR(10))		
	A5,3		Launch App 3		1	Note	0	34	0		12[0-7]) 	0)	127	=IF(CONCAT(C94:E94)="","",UNICHAR(34)&F94&" "&G94&" "&H94&" "&I94&UNICHAR(34)&" ) "&IF(N94="",""," case "&UNICHAR(34)&"$data2"&UNICHAR(34)&" in "))	=IF(ISBLANK(C94),"",K94)	=IF(ISBLANK(C94),"",LOOKUP(C94,$Actions.$B$2:$Actions.$B$1123,$Actions.$D$2:$Actions.$D$1123)&";;  ")	=IF(ISBLANK(D94),"",L94)	=IF(ISBLANK(D94),"",LOOKUP(D94,$Actions.$B$2:$Actions.$B$1123,$Actions.$D$2:$Actions.$D$1123)&";;  ")	=IF(ISBLANK(E94),"",M94)	=IF(ISBLANK(E94),"",LOOKUP(E94,$Actions.$B$2:$Actions.$B$1123,$Actions.$D$2:$Actions.$D$1123)&";;  ")	=IF(O94="","",IF(ISBLANK(N94),"","esac ;;  ")&UNICHAR(13)&UNICHAR(10))		
	A5,4		Launch App 4		1	Note	0	35	0		12[0-7]) 	0)	127	=IF(CONCAT(C95:E95)="","",UNICHAR(34)&F95&" "&G95&" "&H95&" "&I95&UNICHAR(34)&" ) "&IF(N95="",""," case "&UNICHAR(34)&"$data2"&UNICHAR(34)&" in "))	=IF(ISBLANK(C95),"",K95)	=IF(ISBLANK(C95),"",LOOKUP(C95,$Actions.$B$2:$Actions.$B$1123,$Actions.$D$2:$Actions.$D$1123)&";;  ")	=IF(ISBLANK(D95),"",L95)	=IF(ISBLANK(D95),"",LOOKUP(D95,$Actions.$B$2:$Actions.$B$1123,$Actions.$D$2:$Actions.$D$1123)&";;  ")	=IF(ISBLANK(E95),"",M95)	=IF(ISBLANK(E95),"",LOOKUP(E95,$Actions.$B$2:$Actions.$B$1123,$Actions.$D$2:$Actions.$D$1123)&";;  ")	=IF(O95="","",IF(ISBLANK(N95),"","esac ;;  ")&UNICHAR(13)&UNICHAR(10))		
	A5,5		Launch App 5		1	Note	0	36	0		12[0-7]) 	0)	127	=IF(CONCAT(C96:E96)="","",UNICHAR(34)&F96&" "&G96&" "&H96&" "&I96&UNICHAR(34)&" ) "&IF(N96="",""," case "&UNICHAR(34)&"$data2"&UNICHAR(34)&" in "))	=IF(ISBLANK(C96),"",K96)	=IF(ISBLANK(C96),"",LOOKUP(C96,$Actions.$B$2:$Actions.$B$1123,$Actions.$D$2:$Actions.$D$1123)&";;  ")	=IF(ISBLANK(D96),"",L96)	=IF(ISBLANK(D96),"",LOOKUP(D96,$Actions.$B$2:$Actions.$B$1123,$Actions.$D$2:$Actions.$D$1123)&";;  ")	=IF(ISBLANK(E96),"",M96)	=IF(ISBLANK(E96),"",LOOKUP(E96,$Actions.$B$2:$Actions.$B$1123,$Actions.$D$2:$Actions.$D$1123)&";;  ")	=IF(O96="","",IF(ISBLANK(N96),"","esac ;;  ")&UNICHAR(13)&UNICHAR(10))		
	A5,6		Mouse NW		1	Note	0	37	0		12[0-7]) 	0)	127	=IF(CONCAT(C97:E97)="","",UNICHAR(34)&F97&" "&G97&" "&H97&" "&I97&UNICHAR(34)&" ) "&IF(N97="",""," case "&UNICHAR(34)&"$data2"&UNICHAR(34)&" in "))	=IF(ISBLANK(C97),"",K97)	=IF(ISBLANK(C97),"",LOOKUP(C97,$Actions.$B$2:$Actions.$B$1123,$Actions.$D$2:$Actions.$D$1123)&";;  ")	=IF(ISBLANK(D97),"",L97)	=IF(ISBLANK(D97),"",LOOKUP(D97,$Actions.$B$2:$Actions.$B$1123,$Actions.$D$2:$Actions.$D$1123)&";;  ")	=IF(ISBLANK(E97),"",M97)	=IF(ISBLANK(E97),"",LOOKUP(E97,$Actions.$B$2:$Actions.$B$1123,$Actions.$D$2:$Actions.$D$1123)&";;  ")	=IF(O97="","",IF(ISBLANK(N97),"","esac ;;  ")&UNICHAR(13)&UNICHAR(10))		
	A5,7		Mouse Up		1	Note	0	38	0		12[0-7]) 	0)	127	=IF(CONCAT(C98:E98)="","",UNICHAR(34)&F98&" "&G98&" "&H98&" "&I98&UNICHAR(34)&" ) "&IF(N98="",""," case "&UNICHAR(34)&"$data2"&UNICHAR(34)&" in "))	=IF(ISBLANK(C98),"",K98)	=IF(ISBLANK(C98),"",LOOKUP(C98,$Actions.$B$2:$Actions.$B$1123,$Actions.$D$2:$Actions.$D$1123)&";;  ")	=IF(ISBLANK(D98),"",L98)	=IF(ISBLANK(D98),"",LOOKUP(D98,$Actions.$B$2:$Actions.$B$1123,$Actions.$D$2:$Actions.$D$1123)&";;  ")	=IF(ISBLANK(E98),"",M98)	=IF(ISBLANK(E98),"",LOOKUP(E98,$Actions.$B$2:$Actions.$B$1123,$Actions.$D$2:$Actions.$D$1123)&";;  ")	=IF(O98="","",IF(ISBLANK(N98),"","esac ;;  ")&UNICHAR(13)&UNICHAR(10))		
	A5,8		Mouse NE		1	Note	0	39	0		12[0-7]) 	0)	127	=IF(CONCAT(C99:E99)="","",UNICHAR(34)&F99&" "&G99&" "&H99&" "&I99&UNICHAR(34)&" ) "&IF(N99="",""," case "&UNICHAR(34)&"$data2"&UNICHAR(34)&" in "))	=IF(ISBLANK(C99),"",K99)	=IF(ISBLANK(C99),"",LOOKUP(C99,$Actions.$B$2:$Actions.$B$1123,$Actions.$D$2:$Actions.$D$1123)&";;  ")	=IF(ISBLANK(D99),"",L99)	=IF(ISBLANK(D99),"",LOOKUP(D99,$Actions.$B$2:$Actions.$B$1123,$Actions.$D$2:$Actions.$D$1123)&";;  ")	=IF(ISBLANK(E99),"",M99)	=IF(ISBLANK(E99),"",LOOKUP(E99,$Actions.$B$2:$Actions.$B$1123,$Actions.$D$2:$Actions.$D$1123)&";;  ")	=IF(O99="","",IF(ISBLANK(N99),"","esac ;;  ")&UNICHAR(13)&UNICHAR(10))		
minicontrol SET + PC Row A	Pad 1		Launch App 1		0	Program	0	30		 	 			=IF(CONCAT(C100:E100)="","",UNICHAR(34)&F100&" "&G100&" "&H100&" "&I100&UNICHAR(34)&" ) "&IF(N100="",""," case "&UNICHAR(34)&"$data2"&UNICHAR(34)&" in "))	=IF(ISBLANK(C100),"",K100)	=IF(ISBLANK(C100),"",LOOKUP(C100,$Actions.$B$2:$Actions.$B$1123,$Actions.$D$2:$Actions.$D$1123)&";;  ")	=IF(ISBLANK(D100),"",L100)	=IF(ISBLANK(D100),"",LOOKUP(D100,$Actions.$B$2:$Actions.$B$1123,$Actions.$D$2:$Actions.$D$1123)&";;  ")	=IF(ISBLANK(E100),"",M100)	=IF(ISBLANK(E100),"",LOOKUP(E100,$Actions.$B$2:$Actions.$B$1123,$Actions.$D$2:$Actions.$D$1123)&";;  ")	=IF(O100="","",IF(ISBLANK(N100),"","esac ;;  ")&UNICHAR(13)&UNICHAR(10))		
	Pad 2		Launch App 2		0	Program	0	31		 	 			=IF(CONCAT(C101:E101)="","",UNICHAR(34)&F101&" "&G101&" "&H101&" "&I101&UNICHAR(34)&" ) "&IF(N101="",""," case "&UNICHAR(34)&"$data2"&UNICHAR(34)&" in "))	=IF(ISBLANK(C101),"",K101)	=IF(ISBLANK(C101),"",LOOKUP(C101,$Actions.$B$2:$Actions.$B$1123,$Actions.$D$2:$Actions.$D$1123)&";;  ")	=IF(ISBLANK(D101),"",L101)	=IF(ISBLANK(D101),"",LOOKUP(D101,$Actions.$B$2:$Actions.$B$1123,$Actions.$D$2:$Actions.$D$1123)&";;  ")	=IF(ISBLANK(E101),"",M101)	=IF(ISBLANK(E101),"",LOOKUP(E101,$Actions.$B$2:$Actions.$B$1123,$Actions.$D$2:$Actions.$D$1123)&";;  ")	=IF(O101="","",IF(ISBLANK(N101),"","esac ;;  ")&UNICHAR(13)&UNICHAR(10))	 	
	Pad 3		Launch App 3		0	Program	0	32		 	 			=IF(CONCAT(C102:E102)="","",UNICHAR(34)&F102&" "&G102&" "&H102&" "&I102&UNICHAR(34)&" ) "&IF(N102="",""," case "&UNICHAR(34)&"$data2"&UNICHAR(34)&" in "))	=IF(ISBLANK(C102),"",K102)	=IF(ISBLANK(C102),"",LOOKUP(C102,$Actions.$B$2:$Actions.$B$1123,$Actions.$D$2:$Actions.$D$1123)&";;  ")	=IF(ISBLANK(D102),"",L102)	=IF(ISBLANK(D102),"",LOOKUP(D102,$Actions.$B$2:$Actions.$B$1123,$Actions.$D$2:$Actions.$D$1123)&";;  ")	=IF(ISBLANK(E102),"",M102)	=IF(ISBLANK(E102),"",LOOKUP(E102,$Actions.$B$2:$Actions.$B$1123,$Actions.$D$2:$Actions.$D$1123)&";;  ")	=IF(O102="","",IF(ISBLANK(N102),"","esac ;;  ")&UNICHAR(13)&UNICHAR(10))		
	Pad 4		Launch App 4		0	Program	0	33		 	 			=IF(CONCAT(C103:E103)="","",UNICHAR(34)&F103&" "&G103&" "&H103&" "&I103&UNICHAR(34)&" ) "&IF(N103="",""," case "&UNICHAR(34)&"$data2"&UNICHAR(34)&" in "))	=IF(ISBLANK(C103),"",K103)	=IF(ISBLANK(C103),"",LOOKUP(C103,$Actions.$B$2:$Actions.$B$1123,$Actions.$D$2:$Actions.$D$1123)&";;  ")	=IF(ISBLANK(D103),"",L103)	=IF(ISBLANK(D103),"",LOOKUP(D103,$Actions.$B$2:$Actions.$B$1123,$Actions.$D$2:$Actions.$D$1123)&";;  ")	=IF(ISBLANK(E103),"",M103)	=IF(ISBLANK(E103),"",LOOKUP(E103,$Actions.$B$2:$Actions.$B$1123,$Actions.$D$2:$Actions.$D$1123)&";;  ")	=IF(O103="","",IF(ISBLANK(N103),"","esac ;;  ")&UNICHAR(13)&UNICHAR(10))		
	Pad 5		Launch App 5		0	Program	0	34		 	 			=IF(CONCAT(C104:E104)="","",UNICHAR(34)&F104&" "&G104&" "&H104&" "&I104&UNICHAR(34)&" ) "&IF(N104="",""," case "&UNICHAR(34)&"$data2"&UNICHAR(34)&" in "))	=IF(ISBLANK(C104),"",K104)	=IF(ISBLANK(C104),"",LOOKUP(C104,$Actions.$B$2:$Actions.$B$1123,$Actions.$D$2:$Actions.$D$1123)&";;  ")	=IF(ISBLANK(D104),"",L104)	=IF(ISBLANK(D104),"",LOOKUP(D104,$Actions.$B$2:$Actions.$B$1123,$Actions.$D$2:$Actions.$D$1123)&";;  ")	=IF(ISBLANK(E104),"",M104)	=IF(ISBLANK(E104),"",LOOKUP(E104,$Actions.$B$2:$Actions.$B$1123,$Actions.$D$2:$Actions.$D$1123)&";;  ")	=IF(O104="","",IF(ISBLANK(N104),"","esac ;;  ")&UNICHAR(13)&UNICHAR(10))		
	Pad 6		Launch App 6		0	Program	0	35		 	 			=IF(CONCAT(C105:E105)="","",UNICHAR(34)&F105&" "&G105&" "&H105&" "&I105&UNICHAR(34)&" ) "&IF(N105="",""," case "&UNICHAR(34)&"$data2"&UNICHAR(34)&" in "))	=IF(ISBLANK(C105),"",K105)	=IF(ISBLANK(C105),"",LOOKUP(C105,$Actions.$B$2:$Actions.$B$1123,$Actions.$D$2:$Actions.$D$1123)&";;  ")	=IF(ISBLANK(D105),"",L105)	=IF(ISBLANK(D105),"",LOOKUP(D105,$Actions.$B$2:$Actions.$B$1123,$Actions.$D$2:$Actions.$D$1123)&";;  ")	=IF(ISBLANK(E105),"",M105)	=IF(ISBLANK(E105),"",LOOKUP(E105,$Actions.$B$2:$Actions.$B$1123,$Actions.$D$2:$Actions.$D$1123)&";;  ")	=IF(O105="","",IF(ISBLANK(N105),"","esac ;;  ")&UNICHAR(13)&UNICHAR(10))		
	Pad 7		Launch App 7		0	Program	0	36		 	 			=IF(CONCAT(C106:E106)="","",UNICHAR(34)&F106&" "&G106&" "&H106&" "&I106&UNICHAR(34)&" ) "&IF(N106="",""," case "&UNICHAR(34)&"$data2"&UNICHAR(34)&" in "))	=IF(ISBLANK(C106),"",K106)	=IF(ISBLANK(C106),"",LOOKUP(C106,$Actions.$B$2:$Actions.$B$1123,$Actions.$D$2:$Actions.$D$1123)&";;  ")	=IF(ISBLANK(D106),"",L106)	=IF(ISBLANK(D106),"",LOOKUP(D106,$Actions.$B$2:$Actions.$B$1123,$Actions.$D$2:$Actions.$D$1123)&";;  ")	=IF(ISBLANK(E106),"",M106)	=IF(ISBLANK(E106),"",LOOKUP(E106,$Actions.$B$2:$Actions.$B$1123,$Actions.$D$2:$Actions.$D$1123)&";;  ")	=IF(O106="","",IF(ISBLANK(N106),"","esac ;;  ")&UNICHAR(13)&UNICHAR(10))		
	Pad 8		Launch App 8		0	Program	0	37		 	 			=IF(CONCAT(C107:E107)="","",UNICHAR(34)&F107&" "&G107&" "&H107&" "&I107&UNICHAR(34)&" ) "&IF(N107="",""," case "&UNICHAR(34)&"$data2"&UNICHAR(34)&" in "))	=IF(ISBLANK(C107),"",K107)	=IF(ISBLANK(C107),"",LOOKUP(C107,$Actions.$B$2:$Actions.$B$1123,$Actions.$D$2:$Actions.$D$1123)&";;  ")	=IF(ISBLANK(D107),"",L107)	=IF(ISBLANK(D107),"",LOOKUP(D107,$Actions.$B$2:$Actions.$B$1123,$Actions.$D$2:$Actions.$D$1123)&";;  ")	=IF(ISBLANK(E107),"",M107)	=IF(ISBLANK(E107),"",LOOKUP(E107,$Actions.$B$2:$Actions.$B$1123,$Actions.$D$2:$Actions.$D$1123)&";;  ")	=IF(O107="","",IF(ISBLANK(N107),"","esac ;;  ")&UNICHAR(13)&UNICHAR(10))		
minicontrol SET + PC Row B	Pad 1		Control Alt F1		0	Program	0	38		 	 			=IF(CONCAT(C108:E108)="","",UNICHAR(34)&F108&" "&G108&" "&H108&" "&I108&UNICHAR(34)&" ) "&IF(N108="",""," case "&UNICHAR(34)&"$data2"&UNICHAR(34)&" in "))	=IF(ISBLANK(C108),"",K108)	=IF(ISBLANK(C108),"",LOOKUP(C108,$Actions.$B$2:$Actions.$B$1123,$Actions.$D$2:$Actions.$D$1123)&";;  ")	=IF(ISBLANK(D108),"",L108)	=IF(ISBLANK(D108),"",LOOKUP(D108,$Actions.$B$2:$Actions.$B$1123,$Actions.$D$2:$Actions.$D$1123)&";;  ")	=IF(ISBLANK(E108),"",M108)	=IF(ISBLANK(E108),"",LOOKUP(E108,$Actions.$B$2:$Actions.$B$1123,$Actions.$D$2:$Actions.$D$1123)&";;  ")	=IF(O108="","",IF(ISBLANK(N108),"","esac ;;  ")&UNICHAR(13)&UNICHAR(10))		
	Pad 2		Control Alt F2		0	Program	0	39		 	 			=IF(CONCAT(C109:E109)="","",UNICHAR(34)&F109&" "&G109&" "&H109&" "&I109&UNICHAR(34)&" ) "&IF(N109="",""," case "&UNICHAR(34)&"$data2"&UNICHAR(34)&" in "))	=IF(ISBLANK(C109),"",K109)	=IF(ISBLANK(C109),"",LOOKUP(C109,$Actions.$B$2:$Actions.$B$1123,$Actions.$D$2:$Actions.$D$1123)&";;  ")	=IF(ISBLANK(D109),"",L109)	=IF(ISBLANK(D109),"",LOOKUP(D109,$Actions.$B$2:$Actions.$B$1123,$Actions.$D$2:$Actions.$D$1123)&";;  ")	=IF(ISBLANK(E109),"",M109)	=IF(ISBLANK(E109),"",LOOKUP(E109,$Actions.$B$2:$Actions.$B$1123,$Actions.$D$2:$Actions.$D$1123)&";;  ")	=IF(O109="","",IF(ISBLANK(N109),"","esac ;;  ")&UNICHAR(13)&UNICHAR(10))		
	Pad 3		Control Alt F3		0	Program	0	40		 	 			=IF(CONCAT(C110:E110)="","",UNICHAR(34)&F110&" "&G110&" "&H110&" "&I110&UNICHAR(34)&" ) "&IF(N110="",""," case "&UNICHAR(34)&"$data2"&UNICHAR(34)&" in "))	=IF(ISBLANK(C110),"",K110)	=IF(ISBLANK(C110),"",LOOKUP(C110,$Actions.$B$2:$Actions.$B$1123,$Actions.$D$2:$Actions.$D$1123)&";;  ")	=IF(ISBLANK(D110),"",L110)	=IF(ISBLANK(D110),"",LOOKUP(D110,$Actions.$B$2:$Actions.$B$1123,$Actions.$D$2:$Actions.$D$1123)&";;  ")	=IF(ISBLANK(E110),"",M110)	=IF(ISBLANK(E110),"",LOOKUP(E110,$Actions.$B$2:$Actions.$B$1123,$Actions.$D$2:$Actions.$D$1123)&";;  ")	=IF(O110="","",IF(ISBLANK(N110),"","esac ;;  ")&UNICHAR(13)&UNICHAR(10))		
	Pad 4		Control Alt F4		0	Program	0	41		 	 			=IF(CONCAT(C111:E111)="","",UNICHAR(34)&F111&" "&G111&" "&H111&" "&I111&UNICHAR(34)&" ) "&IF(N111="",""," case "&UNICHAR(34)&"$data2"&UNICHAR(34)&" in "))	=IF(ISBLANK(C111),"",K111)	=IF(ISBLANK(C111),"",LOOKUP(C111,$Actions.$B$2:$Actions.$B$1123,$Actions.$D$2:$Actions.$D$1123)&";;  ")	=IF(ISBLANK(D111),"",L111)	=IF(ISBLANK(D111),"",LOOKUP(D111,$Actions.$B$2:$Actions.$B$1123,$Actions.$D$2:$Actions.$D$1123)&";;  ")	=IF(ISBLANK(E111),"",M111)	=IF(ISBLANK(E111),"",LOOKUP(E111,$Actions.$B$2:$Actions.$B$1123,$Actions.$D$2:$Actions.$D$1123)&";;  ")	=IF(O111="","",IF(ISBLANK(N111),"","esac ;;  ")&UNICHAR(13)&UNICHAR(10))		
	Pad 5		Control Alt F5		0	Program	0	42		 	 			=IF(CONCAT(C112:E112)="","",UNICHAR(34)&F112&" "&G112&" "&H112&" "&I112&UNICHAR(34)&" ) "&IF(N112="",""," case "&UNICHAR(34)&"$data2"&UNICHAR(34)&" in "))	=IF(ISBLANK(C112),"",K112)	=IF(ISBLANK(C112),"",LOOKUP(C112,$Actions.$B$2:$Actions.$B$1123,$Actions.$D$2:$Actions.$D$1123)&";;  ")	=IF(ISBLANK(D112),"",L112)	=IF(ISBLANK(D112),"",LOOKUP(D112,$Actions.$B$2:$Actions.$B$1123,$Actions.$D$2:$Actions.$D$1123)&";;  ")	=IF(ISBLANK(E112),"",M112)	=IF(ISBLANK(E112),"",LOOKUP(E112,$Actions.$B$2:$Actions.$B$1123,$Actions.$D$2:$Actions.$D$1123)&";;  ")	=IF(O112="","",IF(ISBLANK(N112),"","esac ;;  ")&UNICHAR(13)&UNICHAR(10))		
	Pad 6		Control Alt F6		0	Program	0	43		 	 			=IF(CONCAT(C113:E113)="","",UNICHAR(34)&F113&" "&G113&" "&H113&" "&I113&UNICHAR(34)&" ) "&IF(N113="",""," case "&UNICHAR(34)&"$data2"&UNICHAR(34)&" in "))	=IF(ISBLANK(C113),"",K113)	=IF(ISBLANK(C113),"",LOOKUP(C113,$Actions.$B$2:$Actions.$B$1123,$Actions.$D$2:$Actions.$D$1123)&";;  ")	=IF(ISBLANK(D113),"",L113)	=IF(ISBLANK(D113),"",LOOKUP(D113,$Actions.$B$2:$Actions.$B$1123,$Actions.$D$2:$Actions.$D$1123)&";;  ")	=IF(ISBLANK(E113),"",M113)	=IF(ISBLANK(E113),"",LOOKUP(E113,$Actions.$B$2:$Actions.$B$1123,$Actions.$D$2:$Actions.$D$1123)&";;  ")	=IF(O113="","",IF(ISBLANK(N113),"","esac ;;  ")&UNICHAR(13)&UNICHAR(10))		
	Pad 7		Control Alt F7		0	Program	0	44		 	 			=IF(CONCAT(C114:E114)="","",UNICHAR(34)&F114&" "&G114&" "&H114&" "&I114&UNICHAR(34)&" ) "&IF(N114="",""," case "&UNICHAR(34)&"$data2"&UNICHAR(34)&" in "))	=IF(ISBLANK(C114),"",K114)	=IF(ISBLANK(C114),"",LOOKUP(C114,$Actions.$B$2:$Actions.$B$1123,$Actions.$D$2:$Actions.$D$1123)&";;  ")	=IF(ISBLANK(D114),"",L114)	=IF(ISBLANK(D114),"",LOOKUP(D114,$Actions.$B$2:$Actions.$B$1123,$Actions.$D$2:$Actions.$D$1123)&";;  ")	=IF(ISBLANK(E114),"",M114)	=IF(ISBLANK(E114),"",LOOKUP(E114,$Actions.$B$2:$Actions.$B$1123,$Actions.$D$2:$Actions.$D$1123)&";;  ")	=IF(O114="","",IF(ISBLANK(N114),"","esac ;;  ")&UNICHAR(13)&UNICHAR(10))		
	Pad 8		Control Alt F8		0	Program	0	45		 	 			=IF(CONCAT(C115:E115)="","",UNICHAR(34)&F115&" "&G115&" "&H115&" "&I115&UNICHAR(34)&" ) "&IF(N115="",""," case "&UNICHAR(34)&"$data2"&UNICHAR(34)&" in "))	=IF(ISBLANK(C115),"",K115)	=IF(ISBLANK(C115),"",LOOKUP(C115,$Actions.$B$2:$Actions.$B$1123,$Actions.$D$2:$Actions.$D$1123)&";;  ")	=IF(ISBLANK(D115),"",L115)	=IF(ISBLANK(D115),"",LOOKUP(D115,$Actions.$B$2:$Actions.$B$1123,$Actions.$D$2:$Actions.$D$1123)&";;  ")	=IF(ISBLANK(E115),"",M115)	=IF(ISBLANK(E115),"",LOOKUP(E115,$Actions.$B$2:$Actions.$B$1123,$Actions.$D$2:$Actions.$D$1123)&";;  ")	=IF(O115="","",IF(ISBLANK(N115),"","esac ;;  ")&UNICHAR(13)&UNICHAR(10))		
Keys	Pitch up		Escape		0	Pitch	0	8191		 	 			=IF(CONCAT(C116:E116)="","",UNICHAR(34)&F116&" "&G116&" "&H116&" "&I116&UNICHAR(34)&" ) "&IF(N116="",""," case "&UNICHAR(34)&"$data2"&UNICHAR(34)&" in "))	=IF(ISBLANK(C116),"",K116)	=IF(ISBLANK(C116),"",LOOKUP(C116,$Actions.$B$2:$Actions.$B$1123,$Actions.$D$2:$Actions.$D$1123)&";;  ")	=IF(ISBLANK(D116),"",L116)	=IF(ISBLANK(D116),"",LOOKUP(D116,$Actions.$B$2:$Actions.$B$1123,$Actions.$D$2:$Actions.$D$1123)&";;  ")	=IF(ISBLANK(E116),"",M116)	=IF(ISBLANK(E116),"",LOOKUP(E116,$Actions.$B$2:$Actions.$B$1123,$Actions.$D$2:$Actions.$D$1123)&";;  ")	=IF(O116="","",IF(ISBLANK(N116),"","esac ;;  ")&UNICHAR(13)&UNICHAR(10))		
	Pitch off				0	Pitch	0	0		 	 			=IF(CONCAT(C117:E117)="","",UNICHAR(34)&F117&" "&G117&" "&H117&" "&I117&UNICHAR(34)&" ) "&IF(N117="",""," case "&UNICHAR(34)&"$data2"&UNICHAR(34)&" in "))	=IF(ISBLANK(C117),"",K117)	=IF(ISBLANK(C117),"",LOOKUP(C117,$Actions.$B$2:$Actions.$B$1123,$Actions.$D$2:$Actions.$D$1123)&";;  ")	=IF(ISBLANK(D117),"",L117)	=IF(ISBLANK(D117),"",LOOKUP(D117,$Actions.$B$2:$Actions.$B$1123,$Actions.$D$2:$Actions.$D$1123)&";;  ")	=IF(ISBLANK(E117),"",M117)	=IF(ISBLANK(E117),"",LOOKUP(E117,$Actions.$B$2:$Actions.$B$1123,$Actions.$D$2:$Actions.$D$1123)&";;  ")	=IF(O117="","",IF(ISBLANK(N117),"","esac ;;  ")&UNICHAR(13)&UNICHAR(10))		
	Pitch Down (m)		Sys Menu		0	Pitch	0	-8192		 	 			=IF(CONCAT(C118:E118)="","",UNICHAR(34)&F118&" "&G118&" "&H118&" "&I118&UNICHAR(34)&" ) "&IF(N118="",""," case "&UNICHAR(34)&"$data2"&UNICHAR(34)&" in "))	=IF(ISBLANK(C118),"",K118)	=IF(ISBLANK(C118),"",LOOKUP(C118,$Actions.$B$2:$Actions.$B$1123,$Actions.$D$2:$Actions.$D$1123)&";;  ")	=IF(ISBLANK(D118),"",L118)	=IF(ISBLANK(D118),"",LOOKUP(D118,$Actions.$B$2:$Actions.$B$1123,$Actions.$D$2:$Actions.$D$1123)&";;  ")	=IF(ISBLANK(E118),"",M118)	=IF(ISBLANK(E118),"",LOOKUP(E118,$Actions.$B$2:$Actions.$B$1123,$Actions.$D$2:$Actions.$D$1123)&";;  ")	=IF(O118="","",IF(ISBLANK(N118),"","esac ;;  ")&UNICHAR(13)&UNICHAR(10))		
