				Action														Detect			Sensitivity																																										
Client	Control 	Disabled	Enabled	V0	V1	V2	V3	V4	V5	V6	V7	V8	V9	V10	V11	V14	Port	Event2	Chan	Note	Min	V0	V1	V2	V3	V4	V5	V6	V7	V8	V9	V10	V11	V12	Max	Key Detect	V-0	Action 0	V-1	Action 1	V-2	Action 2	V-3	Action 3	V-4	Action 4	V-5	Action 5	V-6	Action 6	V-7	Action 7	V-8	Action 8	V-9	Action 9	V-10	Action 10	V-11	Action 11	V-12	Action 12	Key complete
PLUS	Tab|Vol	‚ë†	‚ù∂	Tab	Tab Back	Volume1	Volume 3	Volume 4	Volume 5	Volume 6	Volume 7	Volume 8	Volume 9	Volume 10	Volume 11	Volume 12	0	Control	0	12	0	0) 	2)	1[0-9])  	2[0-9]) 	3[0-9]) 	4[0-9]) 	5[0-9]) 	6[0-9]) 	7[0-9]) 	8[0-9]) 	9[0-9]) 	10[0-9]) 	1[1-2][0-9])	127	=IF(CONCAT(E3:Q3)="","",UNICHAR(34)&R3&" "&S3&" "&T3&" "&U3&UNICHAR(34)&" ) case "&UNICHAR(34)&"$data2"&UNICHAR(34)&" in ")	=IF(ISBLANK(E3),"",W3)	=IF(ISBLANK(E3),"",LOOKUP(E3,$Actions.$B$2:$Actions.$B$1121,$Actions.$D$2:$Actions.$D$1121)&";;  ")	=IF(ISBLANK(F3),"",X3)	=IF(ISBLANK(F3),"",LOOKUP(F3,$Actions.$B$2:$Actions.$B$1121,$Actions.$D$2:$Actions.$D$1121)&";;  ")	=IF(ISBLANK(G3),"",Y3)	=IF(ISBLANK(G3),"",LOOKUP(G3,$Actions.$B$2:$Actions.$B$1121,$Actions.$D$2:$Actions.$D$1121)&";;  ")	=IF(ISBLANK(H3),"",Z3)	=IF(ISBLANK(H3),"",LOOKUP(H3,$Actions.$B$2:$Actions.$B$1121,$Actions.$D$2:$Actions.$D$1121)&";;  ")	=IF(ISBLANK(I3),"",AA3)	=IF(ISBLANK(I3),"",LOOKUP(I3,$Actions.$B$2:$Actions.$B$1121,$Actions.$D$2:$Actions.$D$1121)&";;  ")	=IF(ISBLANK(J3),"",AB3)	=IF(ISBLANK(J3),"",LOOKUP(J3,$Actions.$B$2:$Actions.$B$1121,$Actions.$D$2:$Actions.$D$1121)&";;  ")	=IF(ISBLANK(K3),"",AC3)	=IF(ISBLANK(K3),"",LOOKUP(K3,$Actions.$B$2:$Actions.$B$1121,$Actions.$D$2:$Actions.$D$1121)&";;  ")	=IF(ISBLANK(L3),"",AD3)	=IF(ISBLANK(L3),"",LOOKUP(L3,$Actions.$B$2:$Actions.$B$1121,$Actions.$D$2:$Actions.$D$1121)&";;  ")	=IF(ISBLANK(M3),"",AE3)	=IF(ISBLANK(M3),"",LOOKUP(M3,$Actions.$B$2:$Actions.$B$1121,$Actions.$D$2:$Actions.$D$1121)&";;  ")	=IF(ISBLANK(N3),"",AF3)	=IF(ISBLANK(N3),"",LOOKUP(N3,$Actions.$B$2:$Actions.$B$1121,$Actions.$D$2:$Actions.$D$1121)&";;  ")	=IF(ISBLANK(O3),"",AG3)	=IF(ISBLANK(O3),"",LOOKUP(O3,$Actions.$B$2:$Actions.$B$1121,$Actions.$D$2:$Actions.$D$1121)&";;  ")	=IF(ISBLANK(P3),"",AH3)	=IF(ISBLANK(P3),"",LOOKUP(P3,$Actions.$B$2:$Actions.$B$1121,$Actions.$D$2:$Actions.$D$1121)&";;  ")	=IF(ISBLANK(Q3),"",AI3)	=IF(ISBLANK(Q3),"",LOOKUP(Q3,$Actions.$B$2:$Actions.$B$1121,$Actions.$D$2:$Actions.$D$1121)&";;  ")	=IF(CONCAT(E3:Q3)="","","esac ;;  "&UNICHAR(13)&UNICHAR(10))
PLUS		‚ë°	‚ù∑														0	Control	0	13	0	0) 	1) 	2) 	3) 	4) 	5) 	6) 	7) 	8) 	9) 	10) 		11) 	127	=IF(CONCAT(E4:Q4)="","",UNICHAR(34)&R4&" "&S4&" "&T4&" "&U4&UNICHAR(34)&" ) case "&UNICHAR(34)&"$data2"&UNICHAR(34)&" in ")	=IF(ISBLANK(E4),"",W4)	=IF(ISBLANK(E4),"",LOOKUP(E4,$Actions.$B$2:$Actions.$B$1121,$Actions.$D$2:$Actions.$D$1121)&";;  ")	=IF(ISBLANK(F4),"",X4)	=IF(ISBLANK(F4),"",LOOKUP(F4,$Actions.$B$2:$Actions.$B$1121,$Actions.$D$2:$Actions.$D$1121)&";;  ")	=IF(ISBLANK(G4),"",Y4)	=IF(ISBLANK(G4),"",LOOKUP(G4,$Actions.$B$2:$Actions.$B$1121,$Actions.$D$2:$Actions.$D$1121)&";;  ")	=IF(ISBLANK(H4),"",Z4)	=IF(ISBLANK(H4),"",LOOKUP(H4,$Actions.$B$2:$Actions.$B$1121,$Actions.$D$2:$Actions.$D$1121)&";;  ")	=IF(ISBLANK(I4),"",AA4)	=IF(ISBLANK(I4),"",LOOKUP(I4,$Actions.$B$2:$Actions.$B$1121,$Actions.$D$2:$Actions.$D$1121)&";;  ")	=IF(ISBLANK(J4),"",AB4)	=IF(ISBLANK(J4),"",LOOKUP(J4,$Actions.$B$2:$Actions.$B$1121,$Actions.$D$2:$Actions.$D$1121)&";;  ")	=IF(ISBLANK(K4),"",AC4)	=IF(ISBLANK(K4),"",LOOKUP(K4,$Actions.$B$2:$Actions.$B$1121,$Actions.$D$2:$Actions.$D$1121)&";;  ")	=IF(ISBLANK(L4),"",AD4)	=IF(ISBLANK(L4),"",LOOKUP(L4,$Actions.$B$2:$Actions.$B$1121,$Actions.$D$2:$Actions.$D$1121)&";;  ")	=IF(ISBLANK(M4),"",AE4)	=IF(ISBLANK(M4),"",LOOKUP(M4,$Actions.$B$2:$Actions.$B$1121,$Actions.$D$2:$Actions.$D$1121)&";;  ")	=IF(ISBLANK(N4),"",AF4)	=IF(ISBLANK(N4),"",LOOKUP(N4,$Actions.$B$2:$Actions.$B$1121,$Actions.$D$2:$Actions.$D$1121)&";;  ")	=IF(ISBLANK(O4),"",AG4)	=IF(ISBLANK(O4),"",LOOKUP(O4,$Actions.$B$2:$Actions.$B$1121,$Actions.$D$2:$Actions.$D$1121)&";;  ")	=IF(ISBLANK(P4),"",AH4)	=IF(ISBLANK(P4),"",LOOKUP(P4,$Actions.$B$2:$Actions.$B$1121,$Actions.$D$2:$Actions.$D$1121)&";;  ")	=IF(ISBLANK(Q4),"",AI4)	=IF(ISBLANK(Q4),"",LOOKUP(Q4,$Actions.$B$2:$Actions.$B$1121,$Actions.$D$2:$Actions.$D$1121)&";;  ")	=IF(CONCAT(E4:Q4)="","","esac ;;  "&UNICHAR(13)&UNICHAR(10))
PLUS	VT	‚ë¢	‚ù∏	VT 1	VT 2	VT 3	VT 4	VT 5	VT 6	Control Alt F7	VT 8	VT 9	VT 10	VT 11		VT 12	0	Control	0	14	0	0) 	1) 	2) 	3) 	4) 	5) 	6) 	7) 	8) 	9) 	10) 		11) 	127	=IF(CONCAT(E5:Q5)="","",UNICHAR(34)&R5&" "&S5&" "&T5&" "&U5&UNICHAR(34)&" ) case "&UNICHAR(34)&"$data2"&UNICHAR(34)&" in ")	=IF(ISBLANK(E5),"",W5)	=IF(ISBLANK(E5),"",LOOKUP(E5,$Actions.$B$2:$Actions.$B$1121,$Actions.$D$2:$Actions.$D$1121)&";;  ")	=IF(ISBLANK(F5),"",X5)	=IF(ISBLANK(F5),"",LOOKUP(F5,$Actions.$B$2:$Actions.$B$1121,$Actions.$D$2:$Actions.$D$1121)&";;  ")	=IF(ISBLANK(G5),"",Y5)	=IF(ISBLANK(G5),"",LOOKUP(G5,$Actions.$B$2:$Actions.$B$1121,$Actions.$D$2:$Actions.$D$1121)&";;  ")	=IF(ISBLANK(H5),"",Z5)	=IF(ISBLANK(H5),"",LOOKUP(H5,$Actions.$B$2:$Actions.$B$1121,$Actions.$D$2:$Actions.$D$1121)&";;  ")	=IF(ISBLANK(I5),"",AA5)	=IF(ISBLANK(I5),"",LOOKUP(I5,$Actions.$B$2:$Actions.$B$1121,$Actions.$D$2:$Actions.$D$1121)&";;  ")	=IF(ISBLANK(J5),"",AB5)	=IF(ISBLANK(J5),"",LOOKUP(J5,$Actions.$B$2:$Actions.$B$1121,$Actions.$D$2:$Actions.$D$1121)&";;  ")	=IF(ISBLANK(K5),"",AC5)	=IF(ISBLANK(K5),"",LOOKUP(K5,$Actions.$B$2:$Actions.$B$1121,$Actions.$D$2:$Actions.$D$1121)&";;  ")	=IF(ISBLANK(L5),"",AD5)	=IF(ISBLANK(L5),"",LOOKUP(L5,$Actions.$B$2:$Actions.$B$1121,$Actions.$D$2:$Actions.$D$1121)&";;  ")	=IF(ISBLANK(M5),"",AE5)	=IF(ISBLANK(M5),"",LOOKUP(M5,$Actions.$B$2:$Actions.$B$1121,$Actions.$D$2:$Actions.$D$1121)&";;  ")	=IF(ISBLANK(N5),"",AF5)	=IF(ISBLANK(N5),"",LOOKUP(N5,$Actions.$B$2:$Actions.$B$1121,$Actions.$D$2:$Actions.$D$1121)&";;  ")	=IF(ISBLANK(O5),"",AG5)	=IF(ISBLANK(O5),"",LOOKUP(O5,$Actions.$B$2:$Actions.$B$1121,$Actions.$D$2:$Actions.$D$1121)&";;  ")	=IF(ISBLANK(P5),"",AH5)	=IF(ISBLANK(P5),"",LOOKUP(P5,$Actions.$B$2:$Actions.$B$1121,$Actions.$D$2:$Actions.$D$1121)&";;  ")	=IF(ISBLANK(Q5),"",AI5)	=IF(ISBLANK(Q5),"",LOOKUP(Q5,$Actions.$B$2:$Actions.$B$1121,$Actions.$D$2:$Actions.$D$1121)&";;  ")	=IF(CONCAT(E5:Q5)="","","esac ;;  "&UNICHAR(13)&UNICHAR(10))
PLUS	Workspace	‚ë£	‚ùπ	Launch App 1	Launch App 2	Launch App 3	Launch App 4	Launch App 5	Launch App 6	Launch App 7	Launch App 8	Launch App 9	Launch App 10	Launch App 11		Launch App 12	0	Control	0	15	0	0) 	1) 	2) 	3) 	4) 	5) 	6) 	7) 	8) 	9) 	10) 		11) 	127	=IF(CONCAT(E6:Q6)="","",UNICHAR(34)&R6&" "&S6&" "&T6&" "&U6&UNICHAR(34)&" ) case "&UNICHAR(34)&"$data2"&UNICHAR(34)&" in ")	=IF(ISBLANK(E6),"",W6)	=IF(ISBLANK(E6),"",LOOKUP(E6,$Actions.$B$2:$Actions.$B$1121,$Actions.$D$2:$Actions.$D$1121)&";;  ")	=IF(ISBLANK(F6),"",X6)	=IF(ISBLANK(F6),"",LOOKUP(F6,$Actions.$B$2:$Actions.$B$1121,$Actions.$D$2:$Actions.$D$1121)&";;  ")	=IF(ISBLANK(G6),"",Y6)	=IF(ISBLANK(G6),"",LOOKUP(G6,$Actions.$B$2:$Actions.$B$1121,$Actions.$D$2:$Actions.$D$1121)&";;  ")	=IF(ISBLANK(H6),"",Z6)	=IF(ISBLANK(H6),"",LOOKUP(H6,$Actions.$B$2:$Actions.$B$1121,$Actions.$D$2:$Actions.$D$1121)&";;  ")	=IF(ISBLANK(I6),"",AA6)	=IF(ISBLANK(I6),"",LOOKUP(I6,$Actions.$B$2:$Actions.$B$1121,$Actions.$D$2:$Actions.$D$1121)&";;  ")	=IF(ISBLANK(J6),"",AB6)	=IF(ISBLANK(J6),"",LOOKUP(J6,$Actions.$B$2:$Actions.$B$1121,$Actions.$D$2:$Actions.$D$1121)&";;  ")	=IF(ISBLANK(K6),"",AC6)	=IF(ISBLANK(K6),"",LOOKUP(K6,$Actions.$B$2:$Actions.$B$1121,$Actions.$D$2:$Actions.$D$1121)&";;  ")	=IF(ISBLANK(L6),"",AD6)	=IF(ISBLANK(L6),"",LOOKUP(L6,$Actions.$B$2:$Actions.$B$1121,$Actions.$D$2:$Actions.$D$1121)&";;  ")	=IF(ISBLANK(M6),"",AE6)	=IF(ISBLANK(M6),"",LOOKUP(M6,$Actions.$B$2:$Actions.$B$1121,$Actions.$D$2:$Actions.$D$1121)&";;  ")	=IF(ISBLANK(N6),"",AF6)	=IF(ISBLANK(N6),"",LOOKUP(N6,$Actions.$B$2:$Actions.$B$1121,$Actions.$D$2:$Actions.$D$1121)&";;  ")	=IF(ISBLANK(O6),"",AG6)	=IF(ISBLANK(O6),"",LOOKUP(O6,$Actions.$B$2:$Actions.$B$1121,$Actions.$D$2:$Actions.$D$1121)&";;  ")	=IF(ISBLANK(P6),"",AH6)	=IF(ISBLANK(P6),"",LOOKUP(P6,$Actions.$B$2:$Actions.$B$1121,$Actions.$D$2:$Actions.$D$1121)&";;  ")	=IF(ISBLANK(Q6),"",AI6)	=IF(ISBLANK(Q6),"",LOOKUP(Q6,$Actions.$B$2:$Actions.$B$1121,$Actions.$D$2:$Actions.$D$1121)&";;  ")	=IF(CONCAT(E6:Q6)="","","esac ;;  "&UNICHAR(13)&UNICHAR(10))
Panda		‚ë†	‚ù∂														0	Control	0	9	0	0) 	1) 	2) 	3) 	4) 	5) 	6) 	7) 	8) 	9) 	10) 		11) 	127	=IF(CONCAT(E7:Q7)="","",UNICHAR(34)&R7&" "&S7&" "&T7&" "&U7&UNICHAR(34)&" ) case "&UNICHAR(34)&"$data2"&UNICHAR(34)&" in ")	=IF(ISBLANK(E7),"",W7)	=IF(ISBLANK(E7),"",LOOKUP(E7,$Actions.$B$2:$Actions.$B$1121,$Actions.$D$2:$Actions.$D$1121)&";;  ")	=IF(ISBLANK(F7),"",X7)	=IF(ISBLANK(F7),"",LOOKUP(F7,$Actions.$B$2:$Actions.$B$1121,$Actions.$D$2:$Actions.$D$1121)&";;  ")	=IF(ISBLANK(G7),"",Y7)	=IF(ISBLANK(G7),"",LOOKUP(G7,$Actions.$B$2:$Actions.$B$1121,$Actions.$D$2:$Actions.$D$1121)&";;  ")	=IF(ISBLANK(H7),"",Z7)	=IF(ISBLANK(H7),"",LOOKUP(H7,$Actions.$B$2:$Actions.$B$1121,$Actions.$D$2:$Actions.$D$1121)&";;  ")	=IF(ISBLANK(I7),"",AA7)	=IF(ISBLANK(I7),"",LOOKUP(I7,$Actions.$B$2:$Actions.$B$1121,$Actions.$D$2:$Actions.$D$1121)&";;  ")	=IF(ISBLANK(J7),"",AB7)	=IF(ISBLANK(J7),"",LOOKUP(J7,$Actions.$B$2:$Actions.$B$1121,$Actions.$D$2:$Actions.$D$1121)&";;  ")	=IF(ISBLANK(K7),"",AC7)	=IF(ISBLANK(K7),"",LOOKUP(K7,$Actions.$B$2:$Actions.$B$1121,$Actions.$D$2:$Actions.$D$1121)&";;  ")	=IF(ISBLANK(L7),"",AD7)	=IF(ISBLANK(L7),"",LOOKUP(L7,$Actions.$B$2:$Actions.$B$1121,$Actions.$D$2:$Actions.$D$1121)&";;  ")	=IF(ISBLANK(M7),"",AE7)	=IF(ISBLANK(M7),"",LOOKUP(M7,$Actions.$B$2:$Actions.$B$1121,$Actions.$D$2:$Actions.$D$1121)&";;  ")	=IF(ISBLANK(N7),"",AF7)	=IF(ISBLANK(N7),"",LOOKUP(N7,$Actions.$B$2:$Actions.$B$1121,$Actions.$D$2:$Actions.$D$1121)&";;  ")	=IF(ISBLANK(O7),"",AG7)	=IF(ISBLANK(O7),"",LOOKUP(O7,$Actions.$B$2:$Actions.$B$1121,$Actions.$D$2:$Actions.$D$1121)&";;  ")	=IF(ISBLANK(P7),"",AH7)	=IF(ISBLANK(P7),"",LOOKUP(P7,$Actions.$B$2:$Actions.$B$1121,$Actions.$D$2:$Actions.$D$1121)&";;  ")	=IF(ISBLANK(Q7),"",AI7)	=IF(ISBLANK(Q7),"",LOOKUP(Q7,$Actions.$B$2:$Actions.$B$1121,$Actions.$D$2:$Actions.$D$1121)&";;  ")	=IF(CONCAT(E7:Q7)="","","esac ;;  "&UNICHAR(13)&UNICHAR(10))
Panda		‚ë°	‚ù∑														0	Control	0	10	0	0) 	1) 	2) 	3) 	4) 	5) 	6) 	7) 	8) 	9) 	10) 		11) 	127	=IF(CONCAT(E8:Q8)="","",UNICHAR(34)&R8&" "&S8&" "&T8&" "&U8&UNICHAR(34)&" ) case "&UNICHAR(34)&"$data2"&UNICHAR(34)&" in ")	=IF(ISBLANK(E8),"",W8)	=IF(ISBLANK(E8),"",LOOKUP(E8,$Actions.$B$2:$Actions.$B$1121,$Actions.$D$2:$Actions.$D$1121)&";;  ")	=IF(ISBLANK(F8),"",X8)	=IF(ISBLANK(F8),"",LOOKUP(F8,$Actions.$B$2:$Actions.$B$1121,$Actions.$D$2:$Actions.$D$1121)&";;  ")	=IF(ISBLANK(G8),"",Y8)	=IF(ISBLANK(G8),"",LOOKUP(G8,$Actions.$B$2:$Actions.$B$1121,$Actions.$D$2:$Actions.$D$1121)&";;  ")	=IF(ISBLANK(H8),"",Z8)	=IF(ISBLANK(H8),"",LOOKUP(H8,$Actions.$B$2:$Actions.$B$1121,$Actions.$D$2:$Actions.$D$1121)&";;  ")	=IF(ISBLANK(I8),"",AA8)	=IF(ISBLANK(I8),"",LOOKUP(I8,$Actions.$B$2:$Actions.$B$1121,$Actions.$D$2:$Actions.$D$1121)&";;  ")	=IF(ISBLANK(J8),"",AB8)	=IF(ISBLANK(J8),"",LOOKUP(J8,$Actions.$B$2:$Actions.$B$1121,$Actions.$D$2:$Actions.$D$1121)&";;  ")	=IF(ISBLANK(K8),"",AC8)	=IF(ISBLANK(K8),"",LOOKUP(K8,$Actions.$B$2:$Actions.$B$1121,$Actions.$D$2:$Actions.$D$1121)&";;  ")	=IF(ISBLANK(L8),"",AD8)	=IF(ISBLANK(L8),"",LOOKUP(L8,$Actions.$B$2:$Actions.$B$1121,$Actions.$D$2:$Actions.$D$1121)&";;  ")	=IF(ISBLANK(M8),"",AE8)	=IF(ISBLANK(M8),"",LOOKUP(M8,$Actions.$B$2:$Actions.$B$1121,$Actions.$D$2:$Actions.$D$1121)&";;  ")	=IF(ISBLANK(N8),"",AF8)	=IF(ISBLANK(N8),"",LOOKUP(N8,$Actions.$B$2:$Actions.$B$1121,$Actions.$D$2:$Actions.$D$1121)&";;  ")	=IF(ISBLANK(O8),"",AG8)	=IF(ISBLANK(O8),"",LOOKUP(O8,$Actions.$B$2:$Actions.$B$1121,$Actions.$D$2:$Actions.$D$1121)&";;  ")	=IF(ISBLANK(P8),"",AH8)	=IF(ISBLANK(P8),"",LOOKUP(P8,$Actions.$B$2:$Actions.$B$1121,$Actions.$D$2:$Actions.$D$1121)&";;  ")	=IF(ISBLANK(Q8),"",AI8)	=IF(ISBLANK(Q8),"",LOOKUP(Q8,$Actions.$B$2:$Actions.$B$1121,$Actions.$D$2:$Actions.$D$1121)&";;  ")	=IF(CONCAT(E8:Q8)="","","esac ;;  "&UNICHAR(13)&UNICHAR(10))
Panda		‚ë¢	‚ù∏														0	Control	0	11	0	0) 	1) 	2) 	3) 	4) 	5) 	6) 	7) 	8) 	9) 	10) 		11) 	127	=IF(CONCAT(E9:Q9)="","",UNICHAR(34)&R9&" "&S9&" "&T9&" "&U9&UNICHAR(34)&" ) case "&UNICHAR(34)&"$data2"&UNICHAR(34)&" in ")	=IF(ISBLANK(E9),"",W9)	=IF(ISBLANK(E9),"",LOOKUP(E9,$Actions.$B$2:$Actions.$B$1121,$Actions.$D$2:$Actions.$D$1121)&";;  ")	=IF(ISBLANK(F9),"",X9)	=IF(ISBLANK(F9),"",LOOKUP(F9,$Actions.$B$2:$Actions.$B$1121,$Actions.$D$2:$Actions.$D$1121)&";;  ")	=IF(ISBLANK(G9),"",Y9)	=IF(ISBLANK(G9),"",LOOKUP(G9,$Actions.$B$2:$Actions.$B$1121,$Actions.$D$2:$Actions.$D$1121)&";;  ")	=IF(ISBLANK(H9),"",Z9)	=IF(ISBLANK(H9),"",LOOKUP(H9,$Actions.$B$2:$Actions.$B$1121,$Actions.$D$2:$Actions.$D$1121)&";;  ")	=IF(ISBLANK(I9),"",AA9)	=IF(ISBLANK(I9),"",LOOKUP(I9,$Actions.$B$2:$Actions.$B$1121,$Actions.$D$2:$Actions.$D$1121)&";;  ")	=IF(ISBLANK(J9),"",AB9)	=IF(ISBLANK(J9),"",LOOKUP(J9,$Actions.$B$2:$Actions.$B$1121,$Actions.$D$2:$Actions.$D$1121)&";;  ")	=IF(ISBLANK(K9),"",AC9)	=IF(ISBLANK(K9),"",LOOKUP(K9,$Actions.$B$2:$Actions.$B$1121,$Actions.$D$2:$Actions.$D$1121)&";;  ")	=IF(ISBLANK(L9),"",AD9)	=IF(ISBLANK(L9),"",LOOKUP(L9,$Actions.$B$2:$Actions.$B$1121,$Actions.$D$2:$Actions.$D$1121)&";;  ")	=IF(ISBLANK(M9),"",AE9)	=IF(ISBLANK(M9),"",LOOKUP(M9,$Actions.$B$2:$Actions.$B$1121,$Actions.$D$2:$Actions.$D$1121)&";;  ")	=IF(ISBLANK(N9),"",AF9)	=IF(ISBLANK(N9),"",LOOKUP(N9,$Actions.$B$2:$Actions.$B$1121,$Actions.$D$2:$Actions.$D$1121)&";;  ")	=IF(ISBLANK(O9),"",AG9)	=IF(ISBLANK(O9),"",LOOKUP(O9,$Actions.$B$2:$Actions.$B$1121,$Actions.$D$2:$Actions.$D$1121)&";;  ")	=IF(ISBLANK(P9),"",AH9)	=IF(ISBLANK(P9),"",LOOKUP(P9,$Actions.$B$2:$Actions.$B$1121,$Actions.$D$2:$Actions.$D$1121)&";;  ")	=IF(ISBLANK(Q9),"",AI9)	=IF(ISBLANK(Q9),"",LOOKUP(Q9,$Actions.$B$2:$Actions.$B$1121,$Actions.$D$2:$Actions.$D$1121)&";;  ")	=IF(CONCAT(E9:Q9)="","","esac ;;  "&UNICHAR(13)&UNICHAR(10))
Panda	Volume	‚ë£	‚ùπ														0	Control	0	12	0	0) 	1) 	2) 	3) 	4) 	5) 	6) 	7) 	8) 	9) 	10) 		11) 	127	=IF(CONCAT(E10:Q10)="","",UNICHAR(34)&R10&" "&S10&" "&T10&" "&U10&UNICHAR(34)&" ) case "&UNICHAR(34)&"$data2"&UNICHAR(34)&" in ")	=IF(ISBLANK(E10),"",W10)	=IF(ISBLANK(E10),"",LOOKUP(E10,$Actions.$B$2:$Actions.$B$1121,$Actions.$D$2:$Actions.$D$1121)&";;  ")	=IF(ISBLANK(F10),"",X10)	=IF(ISBLANK(F10),"",LOOKUP(F10,$Actions.$B$2:$Actions.$B$1121,$Actions.$D$2:$Actions.$D$1121)&";;  ")	=IF(ISBLANK(G10),"",Y10)	=IF(ISBLANK(G10),"",LOOKUP(G10,$Actions.$B$2:$Actions.$B$1121,$Actions.$D$2:$Actions.$D$1121)&";;  ")	=IF(ISBLANK(H10),"",Z10)	=IF(ISBLANK(H10),"",LOOKUP(H10,$Actions.$B$2:$Actions.$B$1121,$Actions.$D$2:$Actions.$D$1121)&";;  ")	=IF(ISBLANK(I10),"",AA10)	=IF(ISBLANK(I10),"",LOOKUP(I10,$Actions.$B$2:$Actions.$B$1121,$Actions.$D$2:$Actions.$D$1121)&";;  ")	=IF(ISBLANK(J10),"",AB10)	=IF(ISBLANK(J10),"",LOOKUP(J10,$Actions.$B$2:$Actions.$B$1121,$Actions.$D$2:$Actions.$D$1121)&";;  ")	=IF(ISBLANK(K10),"",AC10)	=IF(ISBLANK(K10),"",LOOKUP(K10,$Actions.$B$2:$Actions.$B$1121,$Actions.$D$2:$Actions.$D$1121)&";;  ")	=IF(ISBLANK(L10),"",AD10)	=IF(ISBLANK(L10),"",LOOKUP(L10,$Actions.$B$2:$Actions.$B$1121,$Actions.$D$2:$Actions.$D$1121)&";;  ")	=IF(ISBLANK(M10),"",AE10)	=IF(ISBLANK(M10),"",LOOKUP(M10,$Actions.$B$2:$Actions.$B$1121,$Actions.$D$2:$Actions.$D$1121)&";;  ")	=IF(ISBLANK(N10),"",AF10)	=IF(ISBLANK(N10),"",LOOKUP(N10,$Actions.$B$2:$Actions.$B$1121,$Actions.$D$2:$Actions.$D$1121)&";;  ")	=IF(ISBLANK(O10),"",AG10)	=IF(ISBLANK(O10),"",LOOKUP(O10,$Actions.$B$2:$Actions.$B$1121,$Actions.$D$2:$Actions.$D$1121)&";;  ")	=IF(ISBLANK(P10),"",AH10)	=IF(ISBLANK(P10),"",LOOKUP(P10,$Actions.$B$2:$Actions.$B$1121,$Actions.$D$2:$Actions.$D$1121)&";;  ")	=IF(ISBLANK(Q10),"",AI10)	=IF(ISBLANK(Q10),"",LOOKUP(Q10,$Actions.$B$2:$Actions.$B$1121,$Actions.$D$2:$Actions.$D$1121)&";;  ")	=IF(CONCAT(E10:Q10)="","","esac ;;  "&UNICHAR(13)&UNICHAR(10))
Panda		‚∏Ωùüô	‚∏Ωùü≠														0	Control	0	7	0	[1-9]) 	1[0-9])  	2[0-9]) 	3[0-9]) 	4[0-9]) 	5[0-9]) 	6[0-9]) 	7[0-9]) 	8[0-9]) 	9[0-9]) 	10[0-9]) 	11[0-9])	12[0-9]) 	127	=IF(CONCAT(E11:Q11)="","",UNICHAR(34)&R11&" "&S11&" "&T11&" "&U11&UNICHAR(34)&" ) case "&UNICHAR(34)&"$data2"&UNICHAR(34)&" in ")	=IF(ISBLANK(E11),"",W11)	=IF(ISBLANK(E11),"",LOOKUP(E11,$Actions.$B$2:$Actions.$B$1121,$Actions.$D$2:$Actions.$D$1121)&";;  ")	=IF(ISBLANK(F11),"",X11)	=IF(ISBLANK(F11),"",LOOKUP(F11,$Actions.$B$2:$Actions.$B$1121,$Actions.$D$2:$Actions.$D$1121)&";;  ")	=IF(ISBLANK(G11),"",Y11)	=IF(ISBLANK(G11),"",LOOKUP(G11,$Actions.$B$2:$Actions.$B$1121,$Actions.$D$2:$Actions.$D$1121)&";;  ")	=IF(ISBLANK(H11),"",Z11)	=IF(ISBLANK(H11),"",LOOKUP(H11,$Actions.$B$2:$Actions.$B$1121,$Actions.$D$2:$Actions.$D$1121)&";;  ")	=IF(ISBLANK(I11),"",AA11)	=IF(ISBLANK(I11),"",LOOKUP(I11,$Actions.$B$2:$Actions.$B$1121,$Actions.$D$2:$Actions.$D$1121)&";;  ")	=IF(ISBLANK(J11),"",AB11)	=IF(ISBLANK(J11),"",LOOKUP(J11,$Actions.$B$2:$Actions.$B$1121,$Actions.$D$2:$Actions.$D$1121)&";;  ")	=IF(ISBLANK(K11),"",AC11)	=IF(ISBLANK(K11),"",LOOKUP(K11,$Actions.$B$2:$Actions.$B$1121,$Actions.$D$2:$Actions.$D$1121)&";;  ")	=IF(ISBLANK(L11),"",AD11)	=IF(ISBLANK(L11),"",LOOKUP(L11,$Actions.$B$2:$Actions.$B$1121,$Actions.$D$2:$Actions.$D$1121)&";;  ")	=IF(ISBLANK(M11),"",AE11)	=IF(ISBLANK(M11),"",LOOKUP(M11,$Actions.$B$2:$Actions.$B$1121,$Actions.$D$2:$Actions.$D$1121)&";;  ")	=IF(ISBLANK(N11),"",AF11)	=IF(ISBLANK(N11),"",LOOKUP(N11,$Actions.$B$2:$Actions.$B$1121,$Actions.$D$2:$Actions.$D$1121)&";;  ")	=IF(ISBLANK(O11),"",AG11)	=IF(ISBLANK(O11),"",LOOKUP(O11,$Actions.$B$2:$Actions.$B$1121,$Actions.$D$2:$Actions.$D$1121)&";;  ")	=IF(ISBLANK(P11),"",AH11)	=IF(ISBLANK(P11),"",LOOKUP(P11,$Actions.$B$2:$Actions.$B$1121,$Actions.$D$2:$Actions.$D$1121)&";;  ")	=IF(ISBLANK(Q11),"",AI11)	=IF(ISBLANK(Q11),"",LOOKUP(Q11,$Actions.$B$2:$Actions.$B$1121,$Actions.$D$2:$Actions.$D$1121)&";;  ")	=IF(CONCAT(E11:Q11)="","","esac ;;  "&UNICHAR(13)&UNICHAR(10))
Panda		‚∏Ωùüö	‚∏ΩùüÆ														0	Control	0	43	0	[1-9]) 	1[0-9])  	2[0-9]) 	3[0-9]) 	4[0-9]) 	5[0-9]) 	6[0-9]) 	7[0-9]) 	8[0-9]) 	9[0-9]) 	10[0-9]) 	11[0-9])	12[0-9]) 	127	=IF(CONCAT(E12:Q12)="","",UNICHAR(34)&R12&" "&S12&" "&T12&" "&U12&UNICHAR(34)&" ) case "&UNICHAR(34)&"$data2"&UNICHAR(34)&" in ")	=IF(ISBLANK(E12),"",W12)	=IF(ISBLANK(E12),"",LOOKUP(E12,$Actions.$B$2:$Actions.$B$1121,$Actions.$D$2:$Actions.$D$1121)&";;  ")	=IF(ISBLANK(F12),"",X12)	=IF(ISBLANK(F12),"",LOOKUP(F12,$Actions.$B$2:$Actions.$B$1121,$Actions.$D$2:$Actions.$D$1121)&";;  ")	=IF(ISBLANK(G12),"",Y12)	=IF(ISBLANK(G12),"",LOOKUP(G12,$Actions.$B$2:$Actions.$B$1121,$Actions.$D$2:$Actions.$D$1121)&";;  ")	=IF(ISBLANK(H12),"",Z12)	=IF(ISBLANK(H12),"",LOOKUP(H12,$Actions.$B$2:$Actions.$B$1121,$Actions.$D$2:$Actions.$D$1121)&";;  ")	=IF(ISBLANK(I12),"",AA12)	=IF(ISBLANK(I12),"",LOOKUP(I12,$Actions.$B$2:$Actions.$B$1121,$Actions.$D$2:$Actions.$D$1121)&";;  ")	=IF(ISBLANK(J12),"",AB12)	=IF(ISBLANK(J12),"",LOOKUP(J12,$Actions.$B$2:$Actions.$B$1121,$Actions.$D$2:$Actions.$D$1121)&";;  ")	=IF(ISBLANK(K12),"",AC12)	=IF(ISBLANK(K12),"",LOOKUP(K12,$Actions.$B$2:$Actions.$B$1121,$Actions.$D$2:$Actions.$D$1121)&";;  ")	=IF(ISBLANK(L12),"",AD12)	=IF(ISBLANK(L12),"",LOOKUP(L12,$Actions.$B$2:$Actions.$B$1121,$Actions.$D$2:$Actions.$D$1121)&";;  ")	=IF(ISBLANK(M12),"",AE12)	=IF(ISBLANK(M12),"",LOOKUP(M12,$Actions.$B$2:$Actions.$B$1121,$Actions.$D$2:$Actions.$D$1121)&";;  ")	=IF(ISBLANK(N12),"",AF12)	=IF(ISBLANK(N12),"",LOOKUP(N12,$Actions.$B$2:$Actions.$B$1121,$Actions.$D$2:$Actions.$D$1121)&";;  ")	=IF(ISBLANK(O12),"",AG12)	=IF(ISBLANK(O12),"",LOOKUP(O12,$Actions.$B$2:$Actions.$B$1121,$Actions.$D$2:$Actions.$D$1121)&";;  ")	=IF(ISBLANK(P12),"",AH12)	=IF(ISBLANK(P12),"",LOOKUP(P12,$Actions.$B$2:$Actions.$B$1121,$Actions.$D$2:$Actions.$D$1121)&";;  ")	=IF(ISBLANK(Q12),"",AI12)	=IF(ISBLANK(Q12),"",LOOKUP(Q12,$Actions.$B$2:$Actions.$B$1121,$Actions.$D$2:$Actions.$D$1121)&";;  ")	=IF(CONCAT(E12:Q12)="","","esac ;;  "&UNICHAR(13)&UNICHAR(10))
Panda		‚∏Ωùüõ	‚∏ΩùüØ														0	Control	0	37	0	[1-9]) 	1[0-9])  	2[0-9]) 	3[0-9]) 	4[0-9]) 	5[0-9]) 	6[0-9]) 	7[0-9]) 	8[0-9]) 	9[0-9]) 	10[0-9]) 	11[0-9])	12[0-9]) 	127	=IF(CONCAT(E13:Q13)="","",UNICHAR(34)&R13&" "&S13&" "&T13&" "&U13&UNICHAR(34)&" ) case "&UNICHAR(34)&"$data2"&UNICHAR(34)&" in ")	=IF(ISBLANK(E13),"",W13)	=IF(ISBLANK(E13),"",LOOKUP(E13,$Actions.$B$2:$Actions.$B$1121,$Actions.$D$2:$Actions.$D$1121)&";;  ")	=IF(ISBLANK(F13),"",X13)	=IF(ISBLANK(F13),"",LOOKUP(F13,$Actions.$B$2:$Actions.$B$1121,$Actions.$D$2:$Actions.$D$1121)&";;  ")	=IF(ISBLANK(G13),"",Y13)	=IF(ISBLANK(G13),"",LOOKUP(G13,$Actions.$B$2:$Actions.$B$1121,$Actions.$D$2:$Actions.$D$1121)&";;  ")	=IF(ISBLANK(H13),"",Z13)	=IF(ISBLANK(H13),"",LOOKUP(H13,$Actions.$B$2:$Actions.$B$1121,$Actions.$D$2:$Actions.$D$1121)&";;  ")	=IF(ISBLANK(I13),"",AA13)	=IF(ISBLANK(I13),"",LOOKUP(I13,$Actions.$B$2:$Actions.$B$1121,$Actions.$D$2:$Actions.$D$1121)&";;  ")	=IF(ISBLANK(J13),"",AB13)	=IF(ISBLANK(J13),"",LOOKUP(J13,$Actions.$B$2:$Actions.$B$1121,$Actions.$D$2:$Actions.$D$1121)&";;  ")	=IF(ISBLANK(K13),"",AC13)	=IF(ISBLANK(K13),"",LOOKUP(K13,$Actions.$B$2:$Actions.$B$1121,$Actions.$D$2:$Actions.$D$1121)&";;  ")	=IF(ISBLANK(L13),"",AD13)	=IF(ISBLANK(L13),"",LOOKUP(L13,$Actions.$B$2:$Actions.$B$1121,$Actions.$D$2:$Actions.$D$1121)&";;  ")	=IF(ISBLANK(M13),"",AE13)	=IF(ISBLANK(M13),"",LOOKUP(M13,$Actions.$B$2:$Actions.$B$1121,$Actions.$D$2:$Actions.$D$1121)&";;  ")	=IF(ISBLANK(N13),"",AF13)	=IF(ISBLANK(N13),"",LOOKUP(N13,$Actions.$B$2:$Actions.$B$1121,$Actions.$D$2:$Actions.$D$1121)&";;  ")	=IF(ISBLANK(O13),"",AG13)	=IF(ISBLANK(O13),"",LOOKUP(O13,$Actions.$B$2:$Actions.$B$1121,$Actions.$D$2:$Actions.$D$1121)&";;  ")	=IF(ISBLANK(P13),"",AH13)	=IF(ISBLANK(P13),"",LOOKUP(P13,$Actions.$B$2:$Actions.$B$1121,$Actions.$D$2:$Actions.$D$1121)&";;  ")	=IF(ISBLANK(Q13),"",AI13)	=IF(ISBLANK(Q13),"",LOOKUP(Q13,$Actions.$B$2:$Actions.$B$1121,$Actions.$D$2:$Actions.$D$1121)&";;  ")	=IF(CONCAT(E13:Q13)="","","esac ;;  "&UNICHAR(13)&UNICHAR(10))
Panda		‚∏Ωùüú	‚∏Ωùü∞														0	Control	0	72	0	[1-9]) 	1[0-9])  	2[0-9]) 	3[0-9]) 	4[0-9]) 	5[0-9]) 	6[0-9]) 	7[0-9]) 	8[0-9]) 	9[0-9]) 	10[0-9]) 	11[0-9])	12[0-9]) 	127	=IF(CONCAT(E14:Q14)="","",UNICHAR(34)&R14&" "&S14&" "&T14&" "&U14&UNICHAR(34)&" ) case "&UNICHAR(34)&"$data2"&UNICHAR(34)&" in ")	=IF(ISBLANK(E14),"",W14)	=IF(ISBLANK(E14),"",LOOKUP(E14,$Actions.$B$2:$Actions.$B$1121,$Actions.$D$2:$Actions.$D$1121)&";;  ")	=IF(ISBLANK(F14),"",X14)	=IF(ISBLANK(F14),"",LOOKUP(F14,$Actions.$B$2:$Actions.$B$1121,$Actions.$D$2:$Actions.$D$1121)&";;  ")	=IF(ISBLANK(G14),"",Y14)	=IF(ISBLANK(G14),"",LOOKUP(G14,$Actions.$B$2:$Actions.$B$1121,$Actions.$D$2:$Actions.$D$1121)&";;  ")	=IF(ISBLANK(H14),"",Z14)	=IF(ISBLANK(H14),"",LOOKUP(H14,$Actions.$B$2:$Actions.$B$1121,$Actions.$D$2:$Actions.$D$1121)&";;  ")	=IF(ISBLANK(I14),"",AA14)	=IF(ISBLANK(I14),"",LOOKUP(I14,$Actions.$B$2:$Actions.$B$1121,$Actions.$D$2:$Actions.$D$1121)&";;  ")	=IF(ISBLANK(J14),"",AB14)	=IF(ISBLANK(J14),"",LOOKUP(J14,$Actions.$B$2:$Actions.$B$1121,$Actions.$D$2:$Actions.$D$1121)&";;  ")	=IF(ISBLANK(K14),"",AC14)	=IF(ISBLANK(K14),"",LOOKUP(K14,$Actions.$B$2:$Actions.$B$1121,$Actions.$D$2:$Actions.$D$1121)&";;  ")	=IF(ISBLANK(L14),"",AD14)	=IF(ISBLANK(L14),"",LOOKUP(L14,$Actions.$B$2:$Actions.$B$1121,$Actions.$D$2:$Actions.$D$1121)&";;  ")	=IF(ISBLANK(M14),"",AE14)	=IF(ISBLANK(M14),"",LOOKUP(M14,$Actions.$B$2:$Actions.$B$1121,$Actions.$D$2:$Actions.$D$1121)&";;  ")	=IF(ISBLANK(N14),"",AF14)	=IF(ISBLANK(N14),"",LOOKUP(N14,$Actions.$B$2:$Actions.$B$1121,$Actions.$D$2:$Actions.$D$1121)&";;  ")	=IF(ISBLANK(O14),"",AG14)	=IF(ISBLANK(O14),"",LOOKUP(O14,$Actions.$B$2:$Actions.$B$1121,$Actions.$D$2:$Actions.$D$1121)&";;  ")	=IF(ISBLANK(P14),"",AH14)	=IF(ISBLANK(P14),"",LOOKUP(P14,$Actions.$B$2:$Actions.$B$1121,$Actions.$D$2:$Actions.$D$1121)&";;  ")	=IF(ISBLANK(Q14),"",AI14)	=IF(ISBLANK(Q14),"",LOOKUP(Q14,$Actions.$B$2:$Actions.$B$1121,$Actions.$D$2:$Actions.$D$1121)&";;  ")	=IF(CONCAT(E14:Q14)="","","esac ;;  "&UNICHAR(13)&UNICHAR(10))
		‚∏Ωùüù	‚∏Ωùü±														0	Control	0	11	0	[1-9]) 	1[0-9])  	2[0-9]) 	3[0-9]) 	4[0-9]) 	5[0-9]) 	6[0-9]) 	7[0-9]) 	8[0-9]) 	9[0-9]) 	10[0-9]) 	11[0-9])	12[0-9]) 	127	=IF(CONCAT(E15:Q15)="","",UNICHAR(34)&R15&" "&S15&" "&T15&" "&U15&UNICHAR(34)&" ) case "&UNICHAR(34)&"$data2"&UNICHAR(34)&" in ")	=IF(ISBLANK(E15),"",W15)	=IF(ISBLANK(E15),"",LOOKUP(E15,$Actions.$B$2:$Actions.$B$1121,$Actions.$D$2:$Actions.$D$1121)&";;  ")	=IF(ISBLANK(F15),"",X15)	=IF(ISBLANK(F15),"",LOOKUP(F15,$Actions.$B$2:$Actions.$B$1121,$Actions.$D$2:$Actions.$D$1121)&";;  ")	=IF(ISBLANK(G15),"",Y15)	=IF(ISBLANK(G15),"",LOOKUP(G15,$Actions.$B$2:$Actions.$B$1121,$Actions.$D$2:$Actions.$D$1121)&";;  ")	=IF(ISBLANK(H15),"",Z15)	=IF(ISBLANK(H15),"",LOOKUP(H15,$Actions.$B$2:$Actions.$B$1121,$Actions.$D$2:$Actions.$D$1121)&";;  ")	=IF(ISBLANK(I15),"",AA15)	=IF(ISBLANK(I15),"",LOOKUP(I15,$Actions.$B$2:$Actions.$B$1121,$Actions.$D$2:$Actions.$D$1121)&";;  ")	=IF(ISBLANK(J15),"",AB15)	=IF(ISBLANK(J15),"",LOOKUP(J15,$Actions.$B$2:$Actions.$B$1121,$Actions.$D$2:$Actions.$D$1121)&";;  ")	=IF(ISBLANK(K15),"",AC15)	=IF(ISBLANK(K15),"",LOOKUP(K15,$Actions.$B$2:$Actions.$B$1121,$Actions.$D$2:$Actions.$D$1121)&";;  ")	=IF(ISBLANK(L15),"",AD15)	=IF(ISBLANK(L15),"",LOOKUP(L15,$Actions.$B$2:$Actions.$B$1121,$Actions.$D$2:$Actions.$D$1121)&";;  ")	=IF(ISBLANK(M15),"",AE15)	=IF(ISBLANK(M15),"",LOOKUP(M15,$Actions.$B$2:$Actions.$B$1121,$Actions.$D$2:$Actions.$D$1121)&";;  ")	=IF(ISBLANK(N15),"",AF15)	=IF(ISBLANK(N15),"",LOOKUP(N15,$Actions.$B$2:$Actions.$B$1121,$Actions.$D$2:$Actions.$D$1121)&";;  ")	=IF(ISBLANK(O15),"",AG15)	=IF(ISBLANK(O15),"",LOOKUP(O15,$Actions.$B$2:$Actions.$B$1121,$Actions.$D$2:$Actions.$D$1121)&";;  ")	=IF(ISBLANK(P15),"",AH15)	=IF(ISBLANK(P15),"",LOOKUP(P15,$Actions.$B$2:$Actions.$B$1121,$Actions.$D$2:$Actions.$D$1121)&";;  ")	=IF(ISBLANK(Q15),"",AI15)	=IF(ISBLANK(Q15),"",LOOKUP(Q15,$Actions.$B$2:$Actions.$B$1121,$Actions.$D$2:$Actions.$D$1121)&";;  ")	=IF(CONCAT(E15:Q15)="","","esac ;;  "&UNICHAR(13)&UNICHAR(10))
		‚∏Ωùüû	‚∏Ωùü≤														0	Control	0	72	0	[1-9]) 	1[0-9])  	2[0-9]) 	3[0-9]) 	4[0-9]) 	5[0-9]) 	6[0-9]) 	7[0-9]) 	8[0-9]) 	9[0-9]) 	10[0-9]) 	11[0-9])	12[0-9]) 	127	=IF(CONCAT(E16:Q16)="","",UNICHAR(34)&R16&" "&S16&" "&T16&" "&U16&UNICHAR(34)&" ) case "&UNICHAR(34)&"$data2"&UNICHAR(34)&" in ")	=IF(ISBLANK(E16),"",W16)	=IF(ISBLANK(E16),"",LOOKUP(E16,$Actions.$B$2:$Actions.$B$1121,$Actions.$D$2:$Actions.$D$1121)&";;  ")	=IF(ISBLANK(F16),"",X16)	=IF(ISBLANK(F16),"",LOOKUP(F16,$Actions.$B$2:$Actions.$B$1121,$Actions.$D$2:$Actions.$D$1121)&";;  ")	=IF(ISBLANK(G16),"",Y16)	=IF(ISBLANK(G16),"",LOOKUP(G16,$Actions.$B$2:$Actions.$B$1121,$Actions.$D$2:$Actions.$D$1121)&";;  ")	=IF(ISBLANK(H16),"",Z16)	=IF(ISBLANK(H16),"",LOOKUP(H16,$Actions.$B$2:$Actions.$B$1121,$Actions.$D$2:$Actions.$D$1121)&";;  ")	=IF(ISBLANK(I16),"",AA16)	=IF(ISBLANK(I16),"",LOOKUP(I16,$Actions.$B$2:$Actions.$B$1121,$Actions.$D$2:$Actions.$D$1121)&";;  ")	=IF(ISBLANK(J16),"",AB16)	=IF(ISBLANK(J16),"",LOOKUP(J16,$Actions.$B$2:$Actions.$B$1121,$Actions.$D$2:$Actions.$D$1121)&";;  ")	=IF(ISBLANK(K16),"",AC16)	=IF(ISBLANK(K16),"",LOOKUP(K16,$Actions.$B$2:$Actions.$B$1121,$Actions.$D$2:$Actions.$D$1121)&";;  ")	=IF(ISBLANK(L16),"",AD16)	=IF(ISBLANK(L16),"",LOOKUP(L16,$Actions.$B$2:$Actions.$B$1121,$Actions.$D$2:$Actions.$D$1121)&";;  ")	=IF(ISBLANK(M16),"",AE16)	=IF(ISBLANK(M16),"",LOOKUP(M16,$Actions.$B$2:$Actions.$B$1121,$Actions.$D$2:$Actions.$D$1121)&";;  ")	=IF(ISBLANK(N16),"",AF16)	=IF(ISBLANK(N16),"",LOOKUP(N16,$Actions.$B$2:$Actions.$B$1121,$Actions.$D$2:$Actions.$D$1121)&";;  ")	=IF(ISBLANK(O16),"",AG16)	=IF(ISBLANK(O16),"",LOOKUP(O16,$Actions.$B$2:$Actions.$B$1121,$Actions.$D$2:$Actions.$D$1121)&";;  ")	=IF(ISBLANK(P16),"",AH16)	=IF(ISBLANK(P16),"",LOOKUP(P16,$Actions.$B$2:$Actions.$B$1121,$Actions.$D$2:$Actions.$D$1121)&";;  ")	=IF(ISBLANK(Q16),"",AI16)	=IF(ISBLANK(Q16),"",LOOKUP(Q16,$Actions.$B$2:$Actions.$B$1121,$Actions.$D$2:$Actions.$D$1121)&";;  ")	=IF(CONCAT(E16:Q16)="","","esac ;;  "&UNICHAR(13)&UNICHAR(10))
		‚∏Ωùüü	‚∏Ωùü≥														0	Control	0	73	0	[1-9]) 	1[0-9])  	2[0-9]) 	3[0-9]) 	4[0-9]) 	5[0-9]) 	6[0-9]) 	7[0-9]) 	8[0-9]) 	9[0-9]) 	10[0-9]) 	11[0-9])	12[0-9]) 	127	=IF(CONCAT(E17:Q17)="","",UNICHAR(34)&R17&" "&S17&" "&T17&" "&U17&UNICHAR(34)&" ) case "&UNICHAR(34)&"$data2"&UNICHAR(34)&" in ")	=IF(ISBLANK(E17),"",W17)	=IF(ISBLANK(E17),"",LOOKUP(E17,$Actions.$B$2:$Actions.$B$1121,$Actions.$D$2:$Actions.$D$1121)&";;  ")	=IF(ISBLANK(F17),"",X17)	=IF(ISBLANK(F17),"",LOOKUP(F17,$Actions.$B$2:$Actions.$B$1121,$Actions.$D$2:$Actions.$D$1121)&";;  ")	=IF(ISBLANK(G17),"",Y17)	=IF(ISBLANK(G17),"",LOOKUP(G17,$Actions.$B$2:$Actions.$B$1121,$Actions.$D$2:$Actions.$D$1121)&";;  ")	=IF(ISBLANK(H17),"",Z17)	=IF(ISBLANK(H17),"",LOOKUP(H17,$Actions.$B$2:$Actions.$B$1121,$Actions.$D$2:$Actions.$D$1121)&";;  ")	=IF(ISBLANK(I17),"",AA17)	=IF(ISBLANK(I17),"",LOOKUP(I17,$Actions.$B$2:$Actions.$B$1121,$Actions.$D$2:$Actions.$D$1121)&";;  ")	=IF(ISBLANK(J17),"",AB17)	=IF(ISBLANK(J17),"",LOOKUP(J17,$Actions.$B$2:$Actions.$B$1121,$Actions.$D$2:$Actions.$D$1121)&";;  ")	=IF(ISBLANK(K17),"",AC17)	=IF(ISBLANK(K17),"",LOOKUP(K17,$Actions.$B$2:$Actions.$B$1121,$Actions.$D$2:$Actions.$D$1121)&";;  ")	=IF(ISBLANK(L17),"",AD17)	=IF(ISBLANK(L17),"",LOOKUP(L17,$Actions.$B$2:$Actions.$B$1121,$Actions.$D$2:$Actions.$D$1121)&";;  ")	=IF(ISBLANK(M17),"",AE17)	=IF(ISBLANK(M17),"",LOOKUP(M17,$Actions.$B$2:$Actions.$B$1121,$Actions.$D$2:$Actions.$D$1121)&";;  ")	=IF(ISBLANK(N17),"",AF17)	=IF(ISBLANK(N17),"",LOOKUP(N17,$Actions.$B$2:$Actions.$B$1121,$Actions.$D$2:$Actions.$D$1121)&";;  ")	=IF(ISBLANK(O17),"",AG17)	=IF(ISBLANK(O17),"",LOOKUP(O17,$Actions.$B$2:$Actions.$B$1121,$Actions.$D$2:$Actions.$D$1121)&";;  ")	=IF(ISBLANK(P17),"",AH17)	=IF(ISBLANK(P17),"",LOOKUP(P17,$Actions.$B$2:$Actions.$B$1121,$Actions.$D$2:$Actions.$D$1121)&";;  ")	=IF(ISBLANK(Q17),"",AI17)	=IF(ISBLANK(Q17),"",LOOKUP(Q17,$Actions.$B$2:$Actions.$B$1121,$Actions.$D$2:$Actions.$D$1121)&";;  ")	=IF(CONCAT(E17:Q17)="","","esac ;;  "&UNICHAR(13)&UNICHAR(10))
		‚∏Ωùü†	‚∏Ωùü¥														0	Control	0	74	0	[1-9]) 	1[0-9])  	2[0-9]) 	3[0-9]) 	4[0-9]) 	5[0-9]) 	6[0-9]) 	7[0-9]) 	8[0-9]) 	9[0-9]) 	10[0-9]) 	11[0-9])	12[0-9]) 	127	=IF(CONCAT(E18:Q18)="","",UNICHAR(34)&R18&" "&S18&" "&T18&" "&U18&UNICHAR(34)&" ) case "&UNICHAR(34)&"$data2"&UNICHAR(34)&" in ")	=IF(ISBLANK(E18),"",W18)	=IF(ISBLANK(E18),"",LOOKUP(E18,$Actions.$B$2:$Actions.$B$1121,$Actions.$D$2:$Actions.$D$1121)&";;  ")	=IF(ISBLANK(F18),"",X18)	=IF(ISBLANK(F18),"",LOOKUP(F18,$Actions.$B$2:$Actions.$B$1121,$Actions.$D$2:$Actions.$D$1121)&";;  ")	=IF(ISBLANK(G18),"",Y18)	=IF(ISBLANK(G18),"",LOOKUP(G18,$Actions.$B$2:$Actions.$B$1121,$Actions.$D$2:$Actions.$D$1121)&";;  ")	=IF(ISBLANK(H18),"",Z18)	=IF(ISBLANK(H18),"",LOOKUP(H18,$Actions.$B$2:$Actions.$B$1121,$Actions.$D$2:$Actions.$D$1121)&";;  ")	=IF(ISBLANK(I18),"",AA18)	=IF(ISBLANK(I18),"",LOOKUP(I18,$Actions.$B$2:$Actions.$B$1121,$Actions.$D$2:$Actions.$D$1121)&";;  ")	=IF(ISBLANK(J18),"",AB18)	=IF(ISBLANK(J18),"",LOOKUP(J18,$Actions.$B$2:$Actions.$B$1121,$Actions.$D$2:$Actions.$D$1121)&";;  ")	=IF(ISBLANK(K18),"",AC18)	=IF(ISBLANK(K18),"",LOOKUP(K18,$Actions.$B$2:$Actions.$B$1121,$Actions.$D$2:$Actions.$D$1121)&";;  ")	=IF(ISBLANK(L18),"",AD18)	=IF(ISBLANK(L18),"",LOOKUP(L18,$Actions.$B$2:$Actions.$B$1121,$Actions.$D$2:$Actions.$D$1121)&";;  ")	=IF(ISBLANK(M18),"",AE18)	=IF(ISBLANK(M18),"",LOOKUP(M18,$Actions.$B$2:$Actions.$B$1121,$Actions.$D$2:$Actions.$D$1121)&";;  ")	=IF(ISBLANK(N18),"",AF18)	=IF(ISBLANK(N18),"",LOOKUP(N18,$Actions.$B$2:$Actions.$B$1121,$Actions.$D$2:$Actions.$D$1121)&";;  ")	=IF(ISBLANK(O18),"",AG18)	=IF(ISBLANK(O18),"",LOOKUP(O18,$Actions.$B$2:$Actions.$B$1121,$Actions.$D$2:$Actions.$D$1121)&";;  ")	=IF(ISBLANK(P18),"",AH18)	=IF(ISBLANK(P18),"",LOOKUP(P18,$Actions.$B$2:$Actions.$B$1121,$Actions.$D$2:$Actions.$D$1121)&";;  ")	=IF(ISBLANK(Q18),"",AI18)	=IF(ISBLANK(Q18),"",LOOKUP(Q18,$Actions.$B$2:$Actions.$B$1121,$Actions.$D$2:$Actions.$D$1121)&";;  ")	=IF(CONCAT(E18:Q18)="","","esac ;;  "&UNICHAR(13)&UNICHAR(10))
Plus	Volume	‚∏ΩùïÑ	‚∏Ωùó†	Volume Down	Volume 1	Volume 2	Volume 3	Volume 4	Volume 5	Volume 6	Volume 7	Volume 8	Volume 9	Volume 10	Volume 11	Volume 12	0	Control	0	1	0	[1-9]) 	1[0-9])  	2[0-9]) 	3[0-9]) 	4[0-9]) 	5[0-9]) 	6[0-9]) 	7[0-9]) 	8[0-9]) 	9[0-9]) 	10[0-9]) 	11[0-9])	12[0-9]) 	127	=IF(CONCAT(E19:Q19)="","",UNICHAR(34)&R19&" "&S19&" "&T19&" "&U19&UNICHAR(34)&" ) case "&UNICHAR(34)&"$data2"&UNICHAR(34)&" in ")	=IF(ISBLANK(E19),"",W19)	=IF(ISBLANK(E19),"",LOOKUP(E19,$Actions.$B$2:$Actions.$B$1121,$Actions.$D$2:$Actions.$D$1121)&";;  ")	=IF(ISBLANK(F19),"",X19)	=IF(ISBLANK(F19),"",LOOKUP(F19,$Actions.$B$2:$Actions.$B$1121,$Actions.$D$2:$Actions.$D$1121)&";;  ")	=IF(ISBLANK(G19),"",Y19)	=IF(ISBLANK(G19),"",LOOKUP(G19,$Actions.$B$2:$Actions.$B$1121,$Actions.$D$2:$Actions.$D$1121)&";;  ")	=IF(ISBLANK(H19),"",Z19)	=IF(ISBLANK(H19),"",LOOKUP(H19,$Actions.$B$2:$Actions.$B$1121,$Actions.$D$2:$Actions.$D$1121)&";;  ")	=IF(ISBLANK(I19),"",AA19)	=IF(ISBLANK(I19),"",LOOKUP(I19,$Actions.$B$2:$Actions.$B$1121,$Actions.$D$2:$Actions.$D$1121)&";;  ")	=IF(ISBLANK(J19),"",AB19)	=IF(ISBLANK(J19),"",LOOKUP(J19,$Actions.$B$2:$Actions.$B$1121,$Actions.$D$2:$Actions.$D$1121)&";;  ")	=IF(ISBLANK(K19),"",AC19)	=IF(ISBLANK(K19),"",LOOKUP(K19,$Actions.$B$2:$Actions.$B$1121,$Actions.$D$2:$Actions.$D$1121)&";;  ")	=IF(ISBLANK(L19),"",AD19)	=IF(ISBLANK(L19),"",LOOKUP(L19,$Actions.$B$2:$Actions.$B$1121,$Actions.$D$2:$Actions.$D$1121)&";;  ")	=IF(ISBLANK(M19),"",AE19)	=IF(ISBLANK(M19),"",LOOKUP(M19,$Actions.$B$2:$Actions.$B$1121,$Actions.$D$2:$Actions.$D$1121)&";;  ")	=IF(ISBLANK(N19),"",AF19)	=IF(ISBLANK(N19),"",LOOKUP(N19,$Actions.$B$2:$Actions.$B$1121,$Actions.$D$2:$Actions.$D$1121)&";;  ")	=IF(ISBLANK(O19),"",AG19)	=IF(ISBLANK(O19),"",LOOKUP(O19,$Actions.$B$2:$Actions.$B$1121,$Actions.$D$2:$Actions.$D$1121)&";;  ")	=IF(ISBLANK(P19),"",AH19)	=IF(ISBLANK(P19),"",LOOKUP(P19,$Actions.$B$2:$Actions.$B$1121,$Actions.$D$2:$Actions.$D$1121)&";;  ")	=IF(ISBLANK(Q19),"",AI19)	=IF(ISBLANK(Q19),"",LOOKUP(Q19,$Actions.$B$2:$Actions.$B$1121,$Actions.$D$2:$Actions.$D$1121)&";;  ")	=IF(CONCAT(E19:Q19)="","","esac ;;  "&UNICHAR(13)&UNICHAR(10))
AKAI	Keys	‚∏Ωùïä	‚∏Ωùó¶													Undo	0	Control	0	64	0	[1-9]) 	1[0-9])  	2[0-9]) 	3[0-9]) 	4[0-9]) 	5[0-9]) 	6[0-9]) 	7[0-9]) 	8[0-9]) 	9[0-9]) 	10[0-9]) 	11[0-9])	127)	127	=IF(CONCAT(E20:Q20)="","",UNICHAR(34)&R20&" "&S20&" "&T20&" "&U20&UNICHAR(34)&" ) case "&UNICHAR(34)&"$data2"&UNICHAR(34)&" in ")	=IF(ISBLANK(E20),"",W20)	=IF(ISBLANK(E20),"",LOOKUP(E20,$Actions.$B$2:$Actions.$B$1121,$Actions.$D$2:$Actions.$D$1121)&";;  ")	=IF(ISBLANK(F20),"",X20)	=IF(ISBLANK(F20),"",LOOKUP(F20,$Actions.$B$2:$Actions.$B$1121,$Actions.$D$2:$Actions.$D$1121)&";;  ")	=IF(ISBLANK(G20),"",Y20)	=IF(ISBLANK(G20),"",LOOKUP(G20,$Actions.$B$2:$Actions.$B$1121,$Actions.$D$2:$Actions.$D$1121)&";;  ")	=IF(ISBLANK(H20),"",Z20)	=IF(ISBLANK(H20),"",LOOKUP(H20,$Actions.$B$2:$Actions.$B$1121,$Actions.$D$2:$Actions.$D$1121)&";;  ")	=IF(ISBLANK(I20),"",AA20)	=IF(ISBLANK(I20),"",LOOKUP(I20,$Actions.$B$2:$Actions.$B$1121,$Actions.$D$2:$Actions.$D$1121)&";;  ")	=IF(ISBLANK(J20),"",AB20)	=IF(ISBLANK(J20),"",LOOKUP(J20,$Actions.$B$2:$Actions.$B$1121,$Actions.$D$2:$Actions.$D$1121)&";;  ")	=IF(ISBLANK(K20),"",AC20)	=IF(ISBLANK(K20),"",LOOKUP(K20,$Actions.$B$2:$Actions.$B$1121,$Actions.$D$2:$Actions.$D$1121)&";;  ")	=IF(ISBLANK(L20),"",AD20)	=IF(ISBLANK(L20),"",LOOKUP(L20,$Actions.$B$2:$Actions.$B$1121,$Actions.$D$2:$Actions.$D$1121)&";;  ")	=IF(ISBLANK(M20),"",AE20)	=IF(ISBLANK(M20),"",LOOKUP(M20,$Actions.$B$2:$Actions.$B$1121,$Actions.$D$2:$Actions.$D$1121)&";;  ")	=IF(ISBLANK(N20),"",AF20)	=IF(ISBLANK(N20),"",LOOKUP(N20,$Actions.$B$2:$Actions.$B$1121,$Actions.$D$2:$Actions.$D$1121)&";;  ")	=IF(ISBLANK(O20),"",AG20)	=IF(ISBLANK(O20),"",LOOKUP(O20,$Actions.$B$2:$Actions.$B$1121,$Actions.$D$2:$Actions.$D$1121)&";;  ")	=IF(ISBLANK(P20),"",AH20)	=IF(ISBLANK(P20),"",LOOKUP(P20,$Actions.$B$2:$Actions.$B$1121,$Actions.$D$2:$Actions.$D$1121)&";;  ")	=IF(ISBLANK(Q20),"",AI20)	=IF(ISBLANK(Q20),"",LOOKUP(Q20,$Actions.$B$2:$Actions.$B$1121,$Actions.$D$2:$Actions.$D$1121)&";;  ")	=IF(CONCAT(E20:Q20)="","","esac ;;  "&UNICHAR(13)&UNICHAR(10))
AKAI	Volume	‚ë†	‚ù∂	Volume Up												Volume Down	1	Control	0	48	0	[0-9]) 	1[0-9])  	2[0-9]) 	3[0-9]) 	4[0-9]) 	5[0-9]) 	6[0-9]) 	7[0-9]) 	8[0-9]) 	9[0-9]) 	10[0-9]) 	11[0-9])	1[1-2][0-9])	127	=IF(CONCAT(E21:Q21)="","",UNICHAR(34)&R21&" "&S21&" "&T21&" "&U21&UNICHAR(34)&" ) case "&UNICHAR(34)&"$data2"&UNICHAR(34)&" in ")	=IF(ISBLANK(E21),"",W21)	=IF(ISBLANK(E21),"",LOOKUP(E21,$Actions.$B$2:$Actions.$B$1121,$Actions.$D$2:$Actions.$D$1121)&";;  ")	=IF(ISBLANK(F21),"",X21)	=IF(ISBLANK(F21),"",LOOKUP(F21,$Actions.$B$2:$Actions.$B$1121,$Actions.$D$2:$Actions.$D$1121)&";;  ")	=IF(ISBLANK(G21),"",Y21)	=IF(ISBLANK(G21),"",LOOKUP(G21,$Actions.$B$2:$Actions.$B$1121,$Actions.$D$2:$Actions.$D$1121)&";;  ")	=IF(ISBLANK(H21),"",Z21)	=IF(ISBLANK(H21),"",LOOKUP(H21,$Actions.$B$2:$Actions.$B$1121,$Actions.$D$2:$Actions.$D$1121)&";;  ")	=IF(ISBLANK(I21),"",AA21)	=IF(ISBLANK(I21),"",LOOKUP(I21,$Actions.$B$2:$Actions.$B$1121,$Actions.$D$2:$Actions.$D$1121)&";;  ")	=IF(ISBLANK(J21),"",AB21)	=IF(ISBLANK(J21),"",LOOKUP(J21,$Actions.$B$2:$Actions.$B$1121,$Actions.$D$2:$Actions.$D$1121)&";;  ")	=IF(ISBLANK(K21),"",AC21)	=IF(ISBLANK(K21),"",LOOKUP(K21,$Actions.$B$2:$Actions.$B$1121,$Actions.$D$2:$Actions.$D$1121)&";;  ")	=IF(ISBLANK(L21),"",AD21)	=IF(ISBLANK(L21),"",LOOKUP(L21,$Actions.$B$2:$Actions.$B$1121,$Actions.$D$2:$Actions.$D$1121)&";;  ")	=IF(ISBLANK(M21),"",AE21)	=IF(ISBLANK(M21),"",LOOKUP(M21,$Actions.$B$2:$Actions.$B$1121,$Actions.$D$2:$Actions.$D$1121)&";;  ")	=IF(ISBLANK(N21),"",AF21)	=IF(ISBLANK(N21),"",LOOKUP(N21,$Actions.$B$2:$Actions.$B$1121,$Actions.$D$2:$Actions.$D$1121)&";;  ")	=IF(ISBLANK(O21),"",AG21)	=IF(ISBLANK(O21),"",LOOKUP(O21,$Actions.$B$2:$Actions.$B$1121,$Actions.$D$2:$Actions.$D$1121)&";;  ")	=IF(ISBLANK(P21),"",AH21)	=IF(ISBLANK(P21),"",LOOKUP(P21,$Actions.$B$2:$Actions.$B$1121,$Actions.$D$2:$Actions.$D$1121)&";;  ")	=IF(ISBLANK(Q21),"",AI21)	=IF(ISBLANK(Q21),"",LOOKUP(Q21,$Actions.$B$2:$Actions.$B$1121,$Actions.$D$2:$Actions.$D$1121)&";;  ")	=IF(CONCAT(E21:Q21)="","","esac ;;  "&UNICHAR(13)&UNICHAR(10))
AKAI		‚ë°	‚ù∑														1	Control	0	49	0	[0-9]) 	1[0-9])  	2[0-9]) 	3[0-9]) 	4[0-9]) 	5[0-9]) 	6[0-9]) 	7[0-9]) 	8[0-9]) 	9[0-9]) 	10[0-9]) 	11[0-9])	1[1-2][0-9])	127	=IF(CONCAT(E22:Q22)="","",UNICHAR(34)&R22&" "&S22&" "&T22&" "&U22&UNICHAR(34)&" ) case "&UNICHAR(34)&"$data2"&UNICHAR(34)&" in ")	=IF(ISBLANK(E22),"",W22)	=IF(ISBLANK(E22),"",LOOKUP(E22,$Actions.$B$2:$Actions.$B$1121,$Actions.$D$2:$Actions.$D$1121)&";;  ")	=IF(ISBLANK(F22),"",X22)	=IF(ISBLANK(F22),"",LOOKUP(F22,$Actions.$B$2:$Actions.$B$1121,$Actions.$D$2:$Actions.$D$1121)&";;  ")	=IF(ISBLANK(G22),"",Y22)	=IF(ISBLANK(G22),"",LOOKUP(G22,$Actions.$B$2:$Actions.$B$1121,$Actions.$D$2:$Actions.$D$1121)&";;  ")	=IF(ISBLANK(H22),"",Z22)	=IF(ISBLANK(H22),"",LOOKUP(H22,$Actions.$B$2:$Actions.$B$1121,$Actions.$D$2:$Actions.$D$1121)&";;  ")	=IF(ISBLANK(I22),"",AA22)	=IF(ISBLANK(I22),"",LOOKUP(I22,$Actions.$B$2:$Actions.$B$1121,$Actions.$D$2:$Actions.$D$1121)&";;  ")	=IF(ISBLANK(J22),"",AB22)	=IF(ISBLANK(J22),"",LOOKUP(J22,$Actions.$B$2:$Actions.$B$1121,$Actions.$D$2:$Actions.$D$1121)&";;  ")	=IF(ISBLANK(K22),"",AC22)	=IF(ISBLANK(K22),"",LOOKUP(K22,$Actions.$B$2:$Actions.$B$1121,$Actions.$D$2:$Actions.$D$1121)&";;  ")	=IF(ISBLANK(L22),"",AD22)	=IF(ISBLANK(L22),"",LOOKUP(L22,$Actions.$B$2:$Actions.$B$1121,$Actions.$D$2:$Actions.$D$1121)&";;  ")	=IF(ISBLANK(M22),"",AE22)	=IF(ISBLANK(M22),"",LOOKUP(M22,$Actions.$B$2:$Actions.$B$1121,$Actions.$D$2:$Actions.$D$1121)&";;  ")	=IF(ISBLANK(N22),"",AF22)	=IF(ISBLANK(N22),"",LOOKUP(N22,$Actions.$B$2:$Actions.$B$1121,$Actions.$D$2:$Actions.$D$1121)&";;  ")	=IF(ISBLANK(O22),"",AG22)	=IF(ISBLANK(O22),"",LOOKUP(O22,$Actions.$B$2:$Actions.$B$1121,$Actions.$D$2:$Actions.$D$1121)&";;  ")	=IF(ISBLANK(P22),"",AH22)	=IF(ISBLANK(P22),"",LOOKUP(P22,$Actions.$B$2:$Actions.$B$1121,$Actions.$D$2:$Actions.$D$1121)&";;  ")	=IF(ISBLANK(Q22),"",AI22)	=IF(ISBLANK(Q22),"",LOOKUP(Q22,$Actions.$B$2:$Actions.$B$1121,$Actions.$D$2:$Actions.$D$1121)&";;  ")	=IF(CONCAT(E22:Q22)="","","esac ;;  "&UNICHAR(13)&UNICHAR(10))
AKAI	< Tab >	‚ë¢	‚ù∏	Next Tab												Prev Tab	1	Control	0	50	0	[0-9]) 	1[0-9])  	2[0-9]) 	3[0-9]) 	4[0-9]) 	5[0-9]) 	6[0-9]) 	7[0-9]) 	8[0-9]) 	9[0-9]) 	10[0-9]) 	11[0-9])	1[1-2][0-9])	127	=IF(CONCAT(E23:Q23)="","",UNICHAR(34)&R23&" "&S23&" "&T23&" "&U23&UNICHAR(34)&" ) case "&UNICHAR(34)&"$data2"&UNICHAR(34)&" in ")	=IF(ISBLANK(E23),"",W23)	=IF(ISBLANK(E23),"",LOOKUP(E23,$Actions.$B$2:$Actions.$B$1121,$Actions.$D$2:$Actions.$D$1121)&";;  ")	=IF(ISBLANK(F23),"",X23)	=IF(ISBLANK(F23),"",LOOKUP(F23,$Actions.$B$2:$Actions.$B$1121,$Actions.$D$2:$Actions.$D$1121)&";;  ")	=IF(ISBLANK(G23),"",Y23)	=IF(ISBLANK(G23),"",LOOKUP(G23,$Actions.$B$2:$Actions.$B$1121,$Actions.$D$2:$Actions.$D$1121)&";;  ")	=IF(ISBLANK(H23),"",Z23)	=IF(ISBLANK(H23),"",LOOKUP(H23,$Actions.$B$2:$Actions.$B$1121,$Actions.$D$2:$Actions.$D$1121)&";;  ")	=IF(ISBLANK(I23),"",AA23)	=IF(ISBLANK(I23),"",LOOKUP(I23,$Actions.$B$2:$Actions.$B$1121,$Actions.$D$2:$Actions.$D$1121)&";;  ")	=IF(ISBLANK(J23),"",AB23)	=IF(ISBLANK(J23),"",LOOKUP(J23,$Actions.$B$2:$Actions.$B$1121,$Actions.$D$2:$Actions.$D$1121)&";;  ")	=IF(ISBLANK(K23),"",AC23)	=IF(ISBLANK(K23),"",LOOKUP(K23,$Actions.$B$2:$Actions.$B$1121,$Actions.$D$2:$Actions.$D$1121)&";;  ")	=IF(ISBLANK(L23),"",AD23)	=IF(ISBLANK(L23),"",LOOKUP(L23,$Actions.$B$2:$Actions.$B$1121,$Actions.$D$2:$Actions.$D$1121)&";;  ")	=IF(ISBLANK(M23),"",AE23)	=IF(ISBLANK(M23),"",LOOKUP(M23,$Actions.$B$2:$Actions.$B$1121,$Actions.$D$2:$Actions.$D$1121)&";;  ")	=IF(ISBLANK(N23),"",AF23)	=IF(ISBLANK(N23),"",LOOKUP(N23,$Actions.$B$2:$Actions.$B$1121,$Actions.$D$2:$Actions.$D$1121)&";;  ")	=IF(ISBLANK(O23),"",AG23)	=IF(ISBLANK(O23),"",LOOKUP(O23,$Actions.$B$2:$Actions.$B$1121,$Actions.$D$2:$Actions.$D$1121)&";;  ")	=IF(ISBLANK(P23),"",AH23)	=IF(ISBLANK(P23),"",LOOKUP(P23,$Actions.$B$2:$Actions.$B$1121,$Actions.$D$2:$Actions.$D$1121)&";;  ")	=IF(ISBLANK(Q23),"",AI23)	=IF(ISBLANK(Q23),"",LOOKUP(Q23,$Actions.$B$2:$Actions.$B$1121,$Actions.$D$2:$Actions.$D$1121)&";;  ")	=IF(CONCAT(E23:Q23)="","","esac ;;  "&UNICHAR(13)&UNICHAR(10))
AKAI	< Field >	‚ë£	‚ùπ	Tab												Tab Back	1	Control	0	51	0	[0-9]) 	1[0-9])  	2[0-9]) 	3[0-9]) 	4[0-9]) 	5[0-9]) 	6[0-9]) 	7[0-9]) 	8[0-9]) 	9[0-9]) 	10[0-9]) 	11[0-9])	1[1-2][0-9])	127	=IF(CONCAT(E24:Q24)="","",UNICHAR(34)&R24&" "&S24&" "&T24&" "&U24&UNICHAR(34)&" ) case "&UNICHAR(34)&"$data2"&UNICHAR(34)&" in ")	=IF(ISBLANK(E24),"",W24)	=IF(ISBLANK(E24),"",LOOKUP(E24,$Actions.$B$2:$Actions.$B$1121,$Actions.$D$2:$Actions.$D$1121)&";;  ")	=IF(ISBLANK(F24),"",X24)	=IF(ISBLANK(F24),"",LOOKUP(F24,$Actions.$B$2:$Actions.$B$1121,$Actions.$D$2:$Actions.$D$1121)&";;  ")	=IF(ISBLANK(G24),"",Y24)	=IF(ISBLANK(G24),"",LOOKUP(G24,$Actions.$B$2:$Actions.$B$1121,$Actions.$D$2:$Actions.$D$1121)&";;  ")	=IF(ISBLANK(H24),"",Z24)	=IF(ISBLANK(H24),"",LOOKUP(H24,$Actions.$B$2:$Actions.$B$1121,$Actions.$D$2:$Actions.$D$1121)&";;  ")	=IF(ISBLANK(I24),"",AA24)	=IF(ISBLANK(I24),"",LOOKUP(I24,$Actions.$B$2:$Actions.$B$1121,$Actions.$D$2:$Actions.$D$1121)&";;  ")	=IF(ISBLANK(J24),"",AB24)	=IF(ISBLANK(J24),"",LOOKUP(J24,$Actions.$B$2:$Actions.$B$1121,$Actions.$D$2:$Actions.$D$1121)&";;  ")	=IF(ISBLANK(K24),"",AC24)	=IF(ISBLANK(K24),"",LOOKUP(K24,$Actions.$B$2:$Actions.$B$1121,$Actions.$D$2:$Actions.$D$1121)&";;  ")	=IF(ISBLANK(L24),"",AD24)	=IF(ISBLANK(L24),"",LOOKUP(L24,$Actions.$B$2:$Actions.$B$1121,$Actions.$D$2:$Actions.$D$1121)&";;  ")	=IF(ISBLANK(M24),"",AE24)	=IF(ISBLANK(M24),"",LOOKUP(M24,$Actions.$B$2:$Actions.$B$1121,$Actions.$D$2:$Actions.$D$1121)&";;  ")	=IF(ISBLANK(N24),"",AF24)	=IF(ISBLANK(N24),"",LOOKUP(N24,$Actions.$B$2:$Actions.$B$1121,$Actions.$D$2:$Actions.$D$1121)&";;  ")	=IF(ISBLANK(O24),"",AG24)	=IF(ISBLANK(O24),"",LOOKUP(O24,$Actions.$B$2:$Actions.$B$1121,$Actions.$D$2:$Actions.$D$1121)&";;  ")	=IF(ISBLANK(P24),"",AH24)	=IF(ISBLANK(P24),"",LOOKUP(P24,$Actions.$B$2:$Actions.$B$1121,$Actions.$D$2:$Actions.$D$1121)&";;  ")	=IF(ISBLANK(Q24),"",AI24)	=IF(ISBLANK(Q24),"",LOOKUP(Q24,$Actions.$B$2:$Actions.$B$1121,$Actions.$D$2:$Actions.$D$1121)&";;  ")	=IF(CONCAT(E24:Q24)="","","esac ;;  "&UNICHAR(13)&UNICHAR(10))
AKAI		‚ë§	‚ù∫														1	Control	0	52	0	[0-9]) 	1[0-9])  	2[0-9]) 	3[0-9]) 	4[0-9]) 	5[0-9]) 	6[0-9]) 	7[0-9]) 	8[0-9]) 	9[0-9]) 	10[0-9]) 	11[0-9])	1[1-2][0-9])	127	=IF(CONCAT(E25:Q25)="","",UNICHAR(34)&R25&" "&S25&" "&T25&" "&U25&UNICHAR(34)&" ) case "&UNICHAR(34)&"$data2"&UNICHAR(34)&" in ")	=IF(ISBLANK(E25),"",W25)	=IF(ISBLANK(E25),"",LOOKUP(E25,$Actions.$B$2:$Actions.$B$1121,$Actions.$D$2:$Actions.$D$1121)&";;  ")	=IF(ISBLANK(F25),"",X25)	=IF(ISBLANK(F25),"",LOOKUP(F25,$Actions.$B$2:$Actions.$B$1121,$Actions.$D$2:$Actions.$D$1121)&";;  ")	=IF(ISBLANK(G25),"",Y25)	=IF(ISBLANK(G25),"",LOOKUP(G25,$Actions.$B$2:$Actions.$B$1121,$Actions.$D$2:$Actions.$D$1121)&";;  ")	=IF(ISBLANK(H25),"",Z25)	=IF(ISBLANK(H25),"",LOOKUP(H25,$Actions.$B$2:$Actions.$B$1121,$Actions.$D$2:$Actions.$D$1121)&";;  ")	=IF(ISBLANK(I25),"",AA25)	=IF(ISBLANK(I25),"",LOOKUP(I25,$Actions.$B$2:$Actions.$B$1121,$Actions.$D$2:$Actions.$D$1121)&";;  ")	=IF(ISBLANK(J25),"",AB25)	=IF(ISBLANK(J25),"",LOOKUP(J25,$Actions.$B$2:$Actions.$B$1121,$Actions.$D$2:$Actions.$D$1121)&";;  ")	=IF(ISBLANK(K25),"",AC25)	=IF(ISBLANK(K25),"",LOOKUP(K25,$Actions.$B$2:$Actions.$B$1121,$Actions.$D$2:$Actions.$D$1121)&";;  ")	=IF(ISBLANK(L25),"",AD25)	=IF(ISBLANK(L25),"",LOOKUP(L25,$Actions.$B$2:$Actions.$B$1121,$Actions.$D$2:$Actions.$D$1121)&";;  ")	=IF(ISBLANK(M25),"",AE25)	=IF(ISBLANK(M25),"",LOOKUP(M25,$Actions.$B$2:$Actions.$B$1121,$Actions.$D$2:$Actions.$D$1121)&";;  ")	=IF(ISBLANK(N25),"",AF25)	=IF(ISBLANK(N25),"",LOOKUP(N25,$Actions.$B$2:$Actions.$B$1121,$Actions.$D$2:$Actions.$D$1121)&";;  ")	=IF(ISBLANK(O25),"",AG25)	=IF(ISBLANK(O25),"",LOOKUP(O25,$Actions.$B$2:$Actions.$B$1121,$Actions.$D$2:$Actions.$D$1121)&";;  ")	=IF(ISBLANK(P25),"",AH25)	=IF(ISBLANK(P25),"",LOOKUP(P25,$Actions.$B$2:$Actions.$B$1121,$Actions.$D$2:$Actions.$D$1121)&";;  ")	=IF(ISBLANK(Q25),"",AI25)	=IF(ISBLANK(Q25),"",LOOKUP(Q25,$Actions.$B$2:$Actions.$B$1121,$Actions.$D$2:$Actions.$D$1121)&";;  ")	=IF(CONCAT(E25:Q25)="","","esac ;;  "&UNICHAR(13)&UNICHAR(10))
AKAI		‚ë•	‚ùª														1	Control	0	53	0	[0-9]) 	1[0-9])  	2[0-9]) 	3[0-9]) 	4[0-9]) 	5[0-9]) 	6[0-9]) 	7[0-9]) 	8[0-9]) 	9[0-9]) 	10[0-9]) 	11[0-9])	1[1-2][0-9])	127	=IF(CONCAT(E26:Q26)="","",UNICHAR(34)&R26&" "&S26&" "&T26&" "&U26&UNICHAR(34)&" ) case "&UNICHAR(34)&"$data2"&UNICHAR(34)&" in ")	=IF(ISBLANK(E26),"",W26)	=IF(ISBLANK(E26),"",LOOKUP(E26,$Actions.$B$2:$Actions.$B$1121,$Actions.$D$2:$Actions.$D$1121)&";;  ")	=IF(ISBLANK(F26),"",X26)	=IF(ISBLANK(F26),"",LOOKUP(F26,$Actions.$B$2:$Actions.$B$1121,$Actions.$D$2:$Actions.$D$1121)&";;  ")	=IF(ISBLANK(G26),"",Y26)	=IF(ISBLANK(G26),"",LOOKUP(G26,$Actions.$B$2:$Actions.$B$1121,$Actions.$D$2:$Actions.$D$1121)&";;  ")	=IF(ISBLANK(H26),"",Z26)	=IF(ISBLANK(H26),"",LOOKUP(H26,$Actions.$B$2:$Actions.$B$1121,$Actions.$D$2:$Actions.$D$1121)&";;  ")	=IF(ISBLANK(I26),"",AA26)	=IF(ISBLANK(I26),"",LOOKUP(I26,$Actions.$B$2:$Actions.$B$1121,$Actions.$D$2:$Actions.$D$1121)&";;  ")	=IF(ISBLANK(J26),"",AB26)	=IF(ISBLANK(J26),"",LOOKUP(J26,$Actions.$B$2:$Actions.$B$1121,$Actions.$D$2:$Actions.$D$1121)&";;  ")	=IF(ISBLANK(K26),"",AC26)	=IF(ISBLANK(K26),"",LOOKUP(K26,$Actions.$B$2:$Actions.$B$1121,$Actions.$D$2:$Actions.$D$1121)&";;  ")	=IF(ISBLANK(L26),"",AD26)	=IF(ISBLANK(L26),"",LOOKUP(L26,$Actions.$B$2:$Actions.$B$1121,$Actions.$D$2:$Actions.$D$1121)&";;  ")	=IF(ISBLANK(M26),"",AE26)	=IF(ISBLANK(M26),"",LOOKUP(M26,$Actions.$B$2:$Actions.$B$1121,$Actions.$D$2:$Actions.$D$1121)&";;  ")	=IF(ISBLANK(N26),"",AF26)	=IF(ISBLANK(N26),"",LOOKUP(N26,$Actions.$B$2:$Actions.$B$1121,$Actions.$D$2:$Actions.$D$1121)&";;  ")	=IF(ISBLANK(O26),"",AG26)	=IF(ISBLANK(O26),"",LOOKUP(O26,$Actions.$B$2:$Actions.$B$1121,$Actions.$D$2:$Actions.$D$1121)&";;  ")	=IF(ISBLANK(P26),"",AH26)	=IF(ISBLANK(P26),"",LOOKUP(P26,$Actions.$B$2:$Actions.$B$1121,$Actions.$D$2:$Actions.$D$1121)&";;  ")	=IF(ISBLANK(Q26),"",AI26)	=IF(ISBLANK(Q26),"",LOOKUP(Q26,$Actions.$B$2:$Actions.$B$1121,$Actions.$D$2:$Actions.$D$1121)&";;  ")	=IF(CONCAT(E26:Q26)="","","esac ;;  "&UNICHAR(13)&UNICHAR(10))
AKAI	Up | Down	‚ë¶	‚ùº	Up												Down	1	Control	0	54	0	[0-9]) 	1[0-9])  	2[0-9]) 	3[0-9]) 	4[0-9]) 	5[0-9]) 	6[0-9]) 	7[0-9]) 	8[0-9]) 	9[0-9]) 	10[0-9]) 	11[0-9])	1[1-2][0-9])	127	=IF(CONCAT(E27:Q27)="","",UNICHAR(34)&R27&" "&S27&" "&T27&" "&U27&UNICHAR(34)&" ) case "&UNICHAR(34)&"$data2"&UNICHAR(34)&" in ")	=IF(ISBLANK(E27),"",W27)	=IF(ISBLANK(E27),"",LOOKUP(E27,$Actions.$B$2:$Actions.$B$1121,$Actions.$D$2:$Actions.$D$1121)&";;  ")	=IF(ISBLANK(F27),"",X27)	=IF(ISBLANK(F27),"",LOOKUP(F27,$Actions.$B$2:$Actions.$B$1121,$Actions.$D$2:$Actions.$D$1121)&";;  ")	=IF(ISBLANK(G27),"",Y27)	=IF(ISBLANK(G27),"",LOOKUP(G27,$Actions.$B$2:$Actions.$B$1121,$Actions.$D$2:$Actions.$D$1121)&";;  ")	=IF(ISBLANK(H27),"",Z27)	=IF(ISBLANK(H27),"",LOOKUP(H27,$Actions.$B$2:$Actions.$B$1121,$Actions.$D$2:$Actions.$D$1121)&";;  ")	=IF(ISBLANK(I27),"",AA27)	=IF(ISBLANK(I27),"",LOOKUP(I27,$Actions.$B$2:$Actions.$B$1121,$Actions.$D$2:$Actions.$D$1121)&";;  ")	=IF(ISBLANK(J27),"",AB27)	=IF(ISBLANK(J27),"",LOOKUP(J27,$Actions.$B$2:$Actions.$B$1121,$Actions.$D$2:$Actions.$D$1121)&";;  ")	=IF(ISBLANK(K27),"",AC27)	=IF(ISBLANK(K27),"",LOOKUP(K27,$Actions.$B$2:$Actions.$B$1121,$Actions.$D$2:$Actions.$D$1121)&";;  ")	=IF(ISBLANK(L27),"",AD27)	=IF(ISBLANK(L27),"",LOOKUP(L27,$Actions.$B$2:$Actions.$B$1121,$Actions.$D$2:$Actions.$D$1121)&";;  ")	=IF(ISBLANK(M27),"",AE27)	=IF(ISBLANK(M27),"",LOOKUP(M27,$Actions.$B$2:$Actions.$B$1121,$Actions.$D$2:$Actions.$D$1121)&";;  ")	=IF(ISBLANK(N27),"",AF27)	=IF(ISBLANK(N27),"",LOOKUP(N27,$Actions.$B$2:$Actions.$B$1121,$Actions.$D$2:$Actions.$D$1121)&";;  ")	=IF(ISBLANK(O27),"",AG27)	=IF(ISBLANK(O27),"",LOOKUP(O27,$Actions.$B$2:$Actions.$B$1121,$Actions.$D$2:$Actions.$D$1121)&";;  ")	=IF(ISBLANK(P27),"",AH27)	=IF(ISBLANK(P27),"",LOOKUP(P27,$Actions.$B$2:$Actions.$B$1121,$Actions.$D$2:$Actions.$D$1121)&";;  ")	=IF(ISBLANK(Q27),"",AI27)	=IF(ISBLANK(Q27),"",LOOKUP(Q27,$Actions.$B$2:$Actions.$B$1121,$Actions.$D$2:$Actions.$D$1121)&";;  ")	=IF(CONCAT(E27:Q27)="","","esac ;;  "&UNICHAR(13)&UNICHAR(10))
AKAI	Left | Right	‚ëß	‚ùΩ	Left												Right	1	Control	0	55	0	[0-9]) 	1[0-9])  	2[0-9]) 	3[0-9]) 	4[0-9]) 	5[0-9]) 	6[0-9]) 	7[0-9]) 	8[0-9]) 	9[0-9]) 	10[0-9]) 	11[0-9])	1[1-2][0-9])	127	=IF(CONCAT(E28:Q28)="","",UNICHAR(34)&R28&" "&S28&" "&T28&" "&U28&UNICHAR(34)&" ) case "&UNICHAR(34)&"$data2"&UNICHAR(34)&" in ")	=IF(ISBLANK(E28),"",W28)	=IF(ISBLANK(E28),"",LOOKUP(E28,$Actions.$B$2:$Actions.$B$1121,$Actions.$D$2:$Actions.$D$1121)&";;  ")	=IF(ISBLANK(F28),"",X28)	=IF(ISBLANK(F28),"",LOOKUP(F28,$Actions.$B$2:$Actions.$B$1121,$Actions.$D$2:$Actions.$D$1121)&";;  ")	=IF(ISBLANK(G28),"",Y28)	=IF(ISBLANK(G28),"",LOOKUP(G28,$Actions.$B$2:$Actions.$B$1121,$Actions.$D$2:$Actions.$D$1121)&";;  ")	=IF(ISBLANK(H28),"",Z28)	=IF(ISBLANK(H28),"",LOOKUP(H28,$Actions.$B$2:$Actions.$B$1121,$Actions.$D$2:$Actions.$D$1121)&";;  ")	=IF(ISBLANK(I28),"",AA28)	=IF(ISBLANK(I28),"",LOOKUP(I28,$Actions.$B$2:$Actions.$B$1121,$Actions.$D$2:$Actions.$D$1121)&";;  ")	=IF(ISBLANK(J28),"",AB28)	=IF(ISBLANK(J28),"",LOOKUP(J28,$Actions.$B$2:$Actions.$B$1121,$Actions.$D$2:$Actions.$D$1121)&";;  ")	=IF(ISBLANK(K28),"",AC28)	=IF(ISBLANK(K28),"",LOOKUP(K28,$Actions.$B$2:$Actions.$B$1121,$Actions.$D$2:$Actions.$D$1121)&";;  ")	=IF(ISBLANK(L28),"",AD28)	=IF(ISBLANK(L28),"",LOOKUP(L28,$Actions.$B$2:$Actions.$B$1121,$Actions.$D$2:$Actions.$D$1121)&";;  ")	=IF(ISBLANK(M28),"",AE28)	=IF(ISBLANK(M28),"",LOOKUP(M28,$Actions.$B$2:$Actions.$B$1121,$Actions.$D$2:$Actions.$D$1121)&";;  ")	=IF(ISBLANK(N28),"",AF28)	=IF(ISBLANK(N28),"",LOOKUP(N28,$Actions.$B$2:$Actions.$B$1121,$Actions.$D$2:$Actions.$D$1121)&";;  ")	=IF(ISBLANK(O28),"",AG28)	=IF(ISBLANK(O28),"",LOOKUP(O28,$Actions.$B$2:$Actions.$B$1121,$Actions.$D$2:$Actions.$D$1121)&";;  ")	=IF(ISBLANK(P28),"",AH28)	=IF(ISBLANK(P28),"",LOOKUP(P28,$Actions.$B$2:$Actions.$B$1121,$Actions.$D$2:$Actions.$D$1121)&";;  ")	=IF(ISBLANK(Q28),"",AI28)	=IF(ISBLANK(Q28),"",LOOKUP(Q28,$Actions.$B$2:$Actions.$B$1121,$Actions.$D$2:$Actions.$D$1121)&";;  ")	=IF(CONCAT(E28:Q28)="","","esac ;;  "&UNICHAR(13)&UNICHAR(10))
